wavelengths,fluxes,convolved_flux,filter_wavelengths,filter_trans
  2.524000E+02,  0.000000E+00,  0.000000E+00,  3.250000E+03,  3.870541E-05
  2.568000E+02,  0.000000E+00,  0.000000E+00,  3.260000E+03,  1.757720E-04
  2.600000E+02,  0.000000E+00,  0.000000E+00,  3.270000E+03,  6.494854E-04
  2.640000E+02,  2.676655E-18,  1.036010E-22,  3.280000E+03,  1.966908E-03
  2.685000E+02,  1.234425E-17,  4.777895E-22,  3.290000E+03,  5.010831E-03
  2.735000E+02,  4.161229E-17,  1.610621E-21,  3.300000E+03,  1.094581E-02
  2.785000E+02,  1.145910E-16,  4.435293E-21,  3.310000E+03,  2.070354E-02
  2.840000E+02,  3.051954E-16,  1.181272E-20,  3.320000E+03,  3.469679E-02
  2.900000E+02,  8.276381E-16,  3.203407E-20,  3.330000E+03,  5.253193E-02
  2.960000E+02,  2.071034E-15,  8.016023E-20,  3.340000E+03,  7.353885E-02
  3.010000E+02,  4.260040E-15,  1.648866E-19,  3.350000E+03,  9.603523E-02
  3.080000E+02,  1.088579E-14,  4.213391E-19,  3.360000E+03,  1.187758E-01
  3.180000E+02,  3.849327E-14,  1.489898E-18,  3.370000E+03,  1.422786E-01
  3.280000E+02,  1.221370E-13,  4.727362E-18,  3.380000E+03,  1.655577E-01
  3.380000E+02,  3.593137E-13,  1.390739E-17,  3.390000E+03,  1.885691E-01
  3.480000E+02,  9.787854E-13,  3.788429E-17,  3.400000E+03,  2.097770E-01
  3.570000E+02,  2.267127E-12,  8.775010E-17,  3.410000E+03,  2.288162E-01
  3.660000E+02,  5.086632E-12,  1.968802E-16,  3.420000E+03,  2.438768E-01
  3.750000E+02,  1.082011E-11,  4.187970E-16,  3.430000E+03,  2.516830E-01
  3.850000E+02,  2.399608E-11,  9.287781E-16,  3.440000E+03,  2.520280E-01
  3.950000E+02,  5.057817E-11,  1.957649E-15,  3.450000E+03,  2.462371E-01
  4.050000E+02,  1.027249E-10,  3.976012E-15,  3.460000E+03,  2.366071E-01
  4.140000E+02,  1.884684E-10,  7.294747E-15,  3.470000E+03,  2.241772E-01
  4.220000E+02,  3.137293E-10,  1.214302E-14,  3.480000E+03,  2.092279E-01
  4.300000E+02,  5.110809E-10,  1.978160E-14,  3.490000E+03,  1.945303E-01
  4.410000E+02,  9.769535E-10,  3.781339E-14,  3.500000E+03,  1.846486E-01
  4.510000E+02,  1.706683E-09,  6.605788E-14,  3.510000E+03,  1.793058E-01
  4.600000E+02,  2.746105E-09,  1.062891E-13,  3.520000E+03,  1.782713E-01
  4.700000E+02,  4.559517E-09,  1.764780E-13,  3.530000E+03,  1.813906E-01
  4.800000E+02,  7.384730E-09,  2.858290E-13,  3.540000E+03,  1.878157E-01
  4.900000E+02,  1.172022E-08,  4.536359E-13,  3.550000E+03,  1.969886E-01
  5.000000E+02,  1.822279E-08,  7.053208E-13,  3.560000E+03,  2.083689E-01
  5.060000E+02,  1.958694E-07,  7.581206E-12,  3.570000E+03,  2.188168E-01
  5.120000E+02,  9.774746E-07,  3.783356E-11,  3.580000E+03,  2.273932E-01
  5.200000E+02,  1.277023E-06,  4.942770E-11,  3.590000E+03,  2.326957E-01
  5.300000E+02,  1.889415E-06,  7.313059E-11,  3.600000E+03,  2.352624E-01
  5.400000E+02,  2.246259E-06,  8.694238E-11,  3.610000E+03,  2.352368E-01
  5.500000E+02,  3.488427E-06,  1.350210E-10,  3.620000E+03,  2.326222E-01
  5.600000E+02,  4.474341E-06,  1.731812E-10,  3.630000E+03,  2.301192E-01
  5.700000E+02,  5.993635E-06,  2.319861E-10,  3.640000E+03,  2.269633E-01
  5.800000E+02,  6.646059E-06,  2.572385E-10,  3.650000E+03,  2.239651E-01
  5.900000E+02,  9.563742E-06,  3.701686E-10,  3.660000E+03,  2.208520E-01
  6.000000E+02,  1.246168E-05,  4.823346E-10,  3.670000E+03,  2.171413E-01
  6.100000E+02,  1.608705E-05,  6.226560E-10,  3.680000E+03,  2.133442E-01
  6.200000E+02,  1.929589E-05,  7.468555E-10,  3.690000E+03,  2.092055E-01
  6.300000E+02,  2.353383E-05,  9.108867E-10,  3.700000E+03,  2.043516E-01
  6.400000E+02,  2.695561E-05,  1.043328E-09,  3.710000E+03,  1.996627E-01
  6.500000E+02,  2.994566E-05,  1.159059E-09,  3.720000E+03,  1.940475E-01
  6.580000E+02,  3.904855E-05,  1.511390E-09,  3.730000E+03,  1.884835E-01
  6.650000E+02,  4.303502E-05,  1.665688E-09,  3.740000E+03,  1.832085E-01
  6.750000E+02,  4.960562E-05,  1.920006E-09,  3.750000E+03,  1.783182E-01
  6.850000E+02,  5.777515E-05,  2.236211E-09,  3.760000E+03,  1.738903E-01
  6.950000E+02,  7.056471E-05,  2.731236E-09,  3.770000E+03,  1.696353E-01
  7.050000E+02,  8.046820E-05,  3.114555E-09,  3.780000E+03,  1.657927E-01
  7.160000E+02,  9.505431E-05,  3.679116E-09,  3.790000E+03,  1.631500E-01
  7.260000E+02,  1.077404E-04,  4.170139E-09,  3.800000E+03,  1.621439E-01
  7.350000E+02,  1.211344E-04,  4.688557E-09,  3.810000E+03,  1.629706E-01
  7.450000E+02,  1.416322E-04,  5.481933E-09,  3.820000E+03,  1.657110E-01
  7.550000E+02,  1.621240E-04,  6.275075E-09,  3.830000E+03,  1.699612E-01
  7.650000E+02,  1.840496E-04,  7.123716E-09,  3.840000E+03,  1.760988E-01
  7.750000E+02,  2.096169E-04,  8.113309E-09,  3.850000E+03,  1.840592E-01
  7.850000E+02,  2.365617E-04,  9.156218E-09,  3.860000E+03,  1.942383E-01
  7.950000E+02,  2.606722E-04,  1.008942E-08,  3.870000E+03,  2.063560E-01
  8.050000E+02,  2.903354E-04,  1.123755E-08,  3.880000E+03,  2.206571E-01
  8.150000E+02,  3.197140E-04,  1.237466E-08,  3.890000E+03,  2.371167E-01
  8.250000E+02,  3.597868E-04,  1.392570E-08,  3.900000E+03,  2.543522E-01
  8.350000E+02,  3.777250E-04,  1.462000E-08,  3.910000E+03,  2.721909E-01
  8.450000E+02,  4.259941E-04,  1.648828E-08,  3.920000E+03,  2.909029E-01
  8.550000E+02,  4.692175E-04,  1.816126E-08,  3.930000E+03,  3.097206E-01
  8.650000E+02,  5.179139E-04,  2.004607E-08,  3.940000E+03,  3.289572E-01
  8.750000E+02,  5.712811E-04,  2.211167E-08,  3.950000E+03,  3.476174E-01
  8.850000E+02,  6.360081E-04,  2.461696E-08,  3.960000E+03,  3.661154E-01
  8.950000E+02,  6.929877E-04,  2.682238E-08,  3.970000E+03,  3.838149E-01
  9.050000E+02,  7.212462E-04,  2.791613E-08,  3.980000E+03,  4.005775E-01
  9.150000E+02,  1.346180E-03,  5.210445E-08,  3.990000E+03,  4.170333E-01
  9.250000E+02,  6.475273E-03,  2.506281E-07,  4.000000E+03,  4.321758E-01
  9.350000E+02,  2.082252E-02,  8.059441E-07,  4.010000E+03,  4.457247E-01
  9.450000E+02,  8.117304E-02,  3.141836E-06,  4.020000E+03,  4.585774E-01
  9.550000E+02,  1.674266E-01,  6.480317E-06,  4.030000E+03,  4.711651E-01
  9.650000E+02,  2.392748E-01,  9.261230E-06,  4.040000E+03,  4.821972E-01
  9.750000E+02,  3.651835E-02,  1.413458E-06,  4.050000E+03,  4.924692E-01
  9.850000E+02,  2.873589E-01,  1.112234E-05,  4.060000E+03,  5.024134E-01
  9.950000E+02,  2.770167E-01,  1.072204E-05,  4.070000E+03,  5.110970E-01
  1.005000E+03,  3.442486E-01,  1.332428E-05,  4.080000E+03,  5.191439E-01
  1.015000E+03,  3.151888E-01,  1.219951E-05,  4.090000E+03,  5.266823E-01
  1.025000E+03,  6.006550E-02,  2.324860E-06,  4.100000E+03,  5.334659E-01
  1.035000E+03,  1.901383E-01,  7.359381E-06,  4.110000E+03,  5.402228E-01
  1.045000E+03,  4.440164E-01,  1.718584E-05,  4.120000E+03,  5.464301E-01
  1.055000E+03,  4.285412E-01,  1.658686E-05,  4.130000E+03,  5.515285E-01
  1.065000E+03,  3.290471E-01,  1.273591E-05,  4.140000E+03,  5.559958E-01
  1.075000E+03,  4.176050E-01,  1.616357E-05,  4.150000E+03,  5.605695E-01
  1.085000E+03,  3.683553E-01,  1.425734E-05,  4.160000E+03,  5.647781E-01
  1.095000E+03,  4.301656E-01,  1.664974E-05,  4.170000E+03,  5.686224E-01
  1.105000E+03,  3.466297E-01,  1.341644E-05,  4.180000E+03,  5.723121E-01
  1.115000E+03,  3.122588E-01,  1.208611E-05,  4.190000E+03,  5.754142E-01
  1.125000E+03,  3.136122E-01,  1.213849E-05,  4.200000E+03,  5.783027E-01
  1.135000E+03,  4.213734E-01,  1.630943E-05,  4.210000E+03,  5.811142E-01
  1.145000E+03,  3.559654E-01,  1.377779E-05,  4.220000E+03,  5.835095E-01
  1.155000E+03,  3.893539E-01,  1.507010E-05,  4.230000E+03,  5.863045E-01
  1.165000E+03,  4.110679E-01,  1.591055E-05,  4.240000E+03,  5.883675E-01
  1.175000E+03,  3.079223E-01,  1.191826E-05,  4.250000E+03,  5.899042E-01
  1.185000E+03,  4.098001E-01,  1.586148E-05,  4.260000E+03,  5.918691E-01
  1.195000E+03,  2.115724E-01,  8.188995E-06,  4.270000E+03,  5.940471E-01
  1.205000E+03,  9.780502E-02,  3.785584E-06,  4.280000E+03,  5.958562E-01
  1.215000E+03,  5.042734E-02,  1.951811E-06,  4.290000E+03,  5.973585E-01
  1.225000E+03,  1.989480E-01,  7.700365E-06,  4.300000E+03,  5.990221E-01
  1.235000E+03,  3.828908E-01,  1.481995E-05,  4.310000E+03,  6.004803E-01
  1.245000E+03,  4.147655E-01,  1.605367E-05,  4.320000E+03,  6.019475E-01
  1.255000E+03,  4.006390E-01,  1.550690E-05,  4.330000E+03,  6.037844E-01
  1.265000E+03,  3.477035E-01,  1.345801E-05,  4.340000E+03,  6.056197E-01
  1.275000E+03,  3.831379E-01,  1.482951E-05,  4.350000E+03,  6.075786E-01
  1.285000E+03,  4.090411E-01,  1.583210E-05,  4.360000E+03,  6.093163E-01
  1.295000E+03,  2.189358E-01,  8.474001E-06,  4.370000E+03,  6.103833E-01
  1.305000E+03,  1.809381E-01,  7.003286E-06,  4.380000E+03,  6.118730E-01
  1.315000E+03,  3.752761E-01,  1.452522E-05,  4.390000E+03,  6.134714E-01
  1.325000E+03,  3.625645E-01,  1.403321E-05,  4.400000E+03,  6.153015E-01
  1.335000E+03,  3.173712E-01,  1.228398E-05,  4.410000E+03,  6.170519E-01
  1.345000E+03,  3.674296E-01,  1.422152E-05,  4.420000E+03,  6.187702E-01
  1.355000E+03,  3.562727E-01,  1.378968E-05,  4.430000E+03,  6.204919E-01
  1.365000E+03,  3.092603E-01,  1.197005E-05,  4.440000E+03,  6.218308E-01
  1.375000E+03,  3.174838E-01,  1.228834E-05,  4.450000E+03,  6.232135E-01
  1.385000E+03,  3.215032E-01,  1.244392E-05,  4.460000E+03,  6.241247E-01
  1.395000E+03,  2.669671E-01,  1.033307E-05,  4.470000E+03,  6.246771E-01
  1.405000E+03,  2.847802E-01,  1.102254E-05,  4.480000E+03,  6.257004E-01
  1.415000E+03,  2.869682E-01,  1.110722E-05,  4.490000E+03,  6.267542E-01
  1.425000E+03,  3.001072E-01,  1.161577E-05,  4.500000E+03,  6.269926E-01
  1.435000E+03,  2.997834E-01,  1.160324E-05,  4.510000E+03,  6.270450E-01
  1.442000E+03,  3.176872E-01,  1.229621E-05,  4.520000E+03,  6.277760E-01
  1.447000E+03,  3.136252E-01,  1.213899E-05,  4.530000E+03,  6.280249E-01
  1.455000E+03,  3.055741E-01,  1.182737E-05,  4.540000E+03,  6.278300E-01
  1.465000E+03,  2.859564E-01,  1.106806E-05,  4.550000E+03,  6.278639E-01
  1.475000E+03,  2.813280E-01,  1.088892E-05,  4.560000E+03,  6.277688E-01
  1.485000E+03,  2.755638E-01,  1.066581E-05,  4.570000E+03,  6.272507E-01
  1.495000E+03,  2.773535E-01,  1.073508E-05,  4.580000E+03,  6.270028E-01
  1.505000E+03,  2.540796E-01,  9.834255E-06,  4.590000E+03,  6.271262E-01
  1.512000E+03,  2.313778E-01,  8.955573E-06,  4.600000E+03,  6.270280E-01
  1.517000E+03,  2.452000E-01,  9.490568E-06,  4.610000E+03,  6.270381E-01
  1.525000E+03,  2.485986E-01,  9.622111E-06,  4.620000E+03,  6.269888E-01
  1.535000E+03,  2.211197E-01,  8.558529E-06,  4.630000E+03,  6.268073E-01
  1.545000E+03,  2.298312E-01,  8.895713E-06,  4.640000E+03,  6.269667E-01
  1.555000E+03,  2.170057E-01,  8.399294E-06,  4.650000E+03,  6.275749E-01
  1.565000E+03,  2.204728E-01,  8.533493E-06,  4.660000E+03,  6.280318E-01
  1.575000E+03,  2.336945E-01,  9.045244E-06,  4.670000E+03,  6.279694E-01
  1.585000E+03,  2.352078E-01,  9.103813E-06,  4.680000E+03,  6.280345E-01
  1.595000E+03,  2.385385E-01,  9.232731E-06,  4.690000E+03,  6.288152E-01
  1.605000E+03,  2.335365E-01,  9.039128E-06,  4.700000E+03,  6.291955E-01
  1.615000E+03,  2.342461E-01,  9.066591E-06,  4.710000E+03,  6.294058E-01
  1.625000E+03,  2.226999E-01,  8.619690E-06,  4.720000E+03,  6.304368E-01
  1.635000E+03,  2.338317E-01,  9.050553E-06,  4.730000E+03,  6.312273E-01
  1.645000E+03,  2.326400E-01,  9.004428E-06,  4.740000E+03,  6.316477E-01
  1.655000E+03,  2.164374E-01,  8.377297E-06,  4.750000E+03,  6.322066E-01
  1.665000E+03,  2.332910E-01,  9.029624E-06,  4.760000E+03,  6.330489E-01
  1.672000E+03,  2.238025E-01,  8.662368E-06,  4.770000E+03,  6.339725E-01
  1.677000E+03,  2.289414E-01,  8.861270E-06,  4.780000E+03,  6.344966E-01
  1.685000E+03,  2.328669E-01,  9.013210E-06,  4.790000E+03,  6.345872E-01
  1.695000E+03,  2.197616E-01,  8.505963E-06,  4.800000E+03,  6.346368E-01
  1.705000E+03,  2.084167E-01,  8.066855E-06,  4.810000E+03,  6.355587E-01
  1.715000E+03,  1.954783E-01,  7.566068E-06,  4.820000E+03,  6.354863E-01
  1.725000E+03,  1.940454E-01,  7.510608E-06,  4.830000E+03,  6.350592E-01
  1.735000E+03,  2.035702E-01,  7.879270E-06,  4.840000E+03,  6.350316E-01
  1.745000E+03,  1.965042E-01,  7.605776E-06,  4.850000E+03,  6.353417E-01
  1.755000E+03,  2.026210E-01,  7.842531E-06,  4.860000E+03,  6.355981E-01
  1.765000E+03,  1.886568E-01,  7.302039E-06,  4.870000E+03,  6.358007E-01
  1.775000E+03,  1.885700E-01,  7.298680E-06,  4.880000E+03,  6.356497E-01
  1.785000E+03,  1.893946E-01,  7.330598E-06,  4.890000E+03,  6.354496E-01
  1.795000E+03,  1.987513E-01,  7.692752E-06,  4.900000E+03,  6.352859E-01
  1.805000E+03,  1.979720E-01,  7.662587E-06,  4.910000E+03,  6.349440E-01
  1.815000E+03,  1.787779E-01,  6.919673E-06,  4.920000E+03,  6.342673E-01
  1.825000E+03,  1.859869E-01,  7.198700E-06,  4.930000E+03,  6.338816E-01
  1.835000E+03,  1.766802E-01,  6.838481E-06,  4.940000E+03,  6.338173E-01
  1.845000E+03,  1.634752E-01,  6.327375E-06,  4.950000E+03,  6.340647E-01
  1.855000E+03,  1.575563E-01,  6.098282E-06,  4.960000E+03,  6.337546E-01
  1.865000E+03,  1.607254E-01,  6.220943E-06,  4.970000E+03,  6.333524E-01
  1.875000E+03,  1.748765E-01,  6.768668E-06,  4.980000E+03,  6.329402E-01
  1.885000E+03,  1.581825E-01,  6.122518E-06,  4.990000E+03,  6.320481E-01
  1.895000E+03,  1.481826E-01,  5.735469E-06,  5.000000E+03,  6.314628E-01
  1.905000E+03,  1.603736E-01,  6.207328E-06,  5.010000E+03,  6.313009E-01
  1.915000E+03,  1.506112E-01,  5.829470E-06,  5.020000E+03,  6.317361E-01
  1.925000E+03,  1.463005E-01,  5.662623E-06,  5.030000E+03,  6.312788E-01
  1.935000E+03,  1.527526E-01,  5.912354E-06,  5.040000E+03,  6.308281E-01
  1.945000E+03,  1.532560E-01,  5.931837E-06,  5.050000E+03,  6.307882E-01
  1.955000E+03,  1.424886E-01,  5.515080E-06,  5.060000E+03,  6.306272E-01
  1.967000E+03,  1.550145E-01,  5.999902E-06,  5.070000E+03,  6.308609E-01
  1.976000E+03,  1.604826E-01,  6.211547E-06,  5.080000E+03,  6.305199E-01
  1.984000E+03,  1.490688E-01,  5.769770E-06,  5.090000E+03,  6.298586E-01
  1.995000E+03,  1.449844E-01,  5.611682E-06,  5.100000E+03,  6.301241E-01
  2.005000E+03,  1.494779E-01,  5.785605E-06,  5.110000E+03,  6.304438E-01
  2.015000E+03,  1.426169E-01,  5.520047E-06,  5.120000E+03,  6.301889E-01
  2.025000E+03,  1.524539E-01,  5.900792E-06,  5.130000E+03,  6.295173E-01
  2.035000E+03,  1.402691E-01,  5.429174E-06,  5.140000E+03,  6.301277E-01
  2.045000E+03,  1.426678E-01,  5.522018E-06,  5.150000E+03,  6.301798E-01
  2.055000E+03,  1.356280E-01,  5.249538E-06,  5.160000E+03,  6.298846E-01
  2.065000E+03,  1.389084E-01,  5.376505E-06,  5.170000E+03,  6.297823E-01
  2.074000E+03,  1.440951E-01,  5.577261E-06,  5.180000E+03,  6.294919E-01
  2.078000E+03,  1.339579E-01,  5.184898E-06,  5.190000E+03,  6.295982E-01
  2.085000E+03,  1.396441E-01,  5.404982E-06,  5.200000E+03,  6.300077E-01
  2.095000E+03,  1.314769E-01,  5.088869E-06,  5.210000E+03,  6.299044E-01
  2.105000E+03,  1.341954E-01,  5.194090E-06,  5.220000E+03,  6.293126E-01
  2.115000E+03,  1.340554E-01,  5.188671E-06,  5.230000E+03,  6.285299E-01
  2.125000E+03,  1.360014E-01,  5.263989E-06,  5.240000E+03,  6.280058E-01
  2.135000E+03,  1.307523E-01,  5.060822E-06,  5.250000E+03,  6.276644E-01
  2.145000E+03,  1.275522E-01,  4.936961E-06,  5.260000E+03,  6.269935E-01
  2.155000E+03,  1.320693E-01,  5.111798E-06,  5.270000E+03,  6.262747E-01
  2.165000E+03,  1.293491E-01,  5.006509E-06,  5.280000E+03,  6.254184E-01
  2.175000E+03,  1.277213E-01,  4.943504E-06,  5.290000E+03,  6.243741E-01
  2.185000E+03,  1.238215E-01,  4.792562E-06,  5.300000E+03,  6.233479E-01
  2.195000E+03,  1.261567E-01,  4.882947E-06,  5.310000E+03,  6.229995E-01
  2.205000E+03,  1.233065E-01,  4.772629E-06,  5.320000E+03,  6.225925E-01
  2.215000E+03,  1.202009E-01,  4.652427E-06,  5.330000E+03,  6.222597E-01
  2.225000E+03,  1.154980E-01,  4.470398E-06,  5.340000E+03,  6.220617E-01
  2.235000E+03,  1.189936E-01,  4.605698E-06,  5.350000E+03,  6.212214E-01
  2.245000E+03,  1.172563E-01,  4.538454E-06,  5.360000E+03,  6.207345E-01
  2.255000E+03,  1.125016E-01,  4.354420E-06,  5.370000E+03,  6.202546E-01
  2.265000E+03,  1.150287E-01,  4.452233E-06,  5.380000E+03,  6.199495E-01
  2.275000E+03,  1.151893E-01,  4.458451E-06,  5.390000E+03,  6.200243E-01
  2.285000E+03,  1.155827E-01,  4.473676E-06,  5.400000E+03,  6.201687E-01
  2.295000E+03,  1.105451E-01,  4.278694E-06,  5.410000E+03,  6.201564E-01
  2.305000E+03,  1.095137E-01,  4.238775E-06,  5.420000E+03,  6.200947E-01
  2.315000E+03,  1.060243E-01,  4.103714E-06,  5.430000E+03,  6.197485E-01
  2.325000E+03,  1.047144E-01,  4.053016E-06,  5.440000E+03,  6.195944E-01
  2.335000E+03,  9.985006E-02,  3.864738E-06,  5.450000E+03,  6.199555E-01
  2.345000E+03,  9.879965E-02,  3.824081E-06,  5.460000E+03,  6.208002E-01
  2.355000E+03,  9.998856E-02,  3.870098E-06,  5.470000E+03,  6.216964E-01
  2.365000E+03,  9.670377E-02,  3.742960E-06,  5.480000E+03,  6.219030E-01
  2.375000E+03,  9.743536E-02,  3.771276E-06,  5.490000E+03,  6.222914E-01
  2.385000E+03,  9.425325E-02,  3.648111E-06,  5.500000E+03,  6.226887E-01
  2.395000E+03,  9.739862E-02,  3.769854E-06,  5.510000E+03,  6.226739E-01
  2.405000E+03,  9.336696E-02,  3.613807E-06,  5.520000E+03,  6.224887E-01
  2.415000E+03,  9.386525E-02,  3.633093E-06,  5.530000E+03,  6.233519E-01
  2.425000E+03,  9.480139E-02,  3.669327E-06,  5.540000E+03,  6.234394E-01
  2.435000E+03,  9.078654E-02,  3.513931E-06,  5.550000E+03,  6.229514E-01
  2.445000E+03,  9.278588E-02,  3.591316E-06,  5.560000E+03,  6.225249E-01
  2.455000E+03,  9.173760E-02,  3.550742E-06,  5.570000E+03,  6.219302E-01
  2.465000E+03,  9.033356E-02,  3.496398E-06,  5.580000E+03,  6.210160E-01
  2.475000E+03,  8.833817E-02,  3.419166E-06,  5.590000E+03,  6.199446E-01
  2.485000E+03,  9.030285E-02,  3.495209E-06,  5.600000E+03,  6.193274E-01
  2.495000E+03,  8.668008E-02,  3.354988E-06,  5.610000E+03,  6.180555E-01
  2.505000E+03,  8.899607E-02,  3.444629E-06,  5.620000E+03,  6.174199E-01
  2.513000E+03,  8.467046E-02,  3.277205E-06,  5.630000E+03,  6.162473E-01
  2.518000E+03,  8.718296E-02,  3.374452E-06,  5.640000E+03,  6.153697E-01
  2.525000E+03,  8.384103E-02,  3.245102E-06,  5.650000E+03,  6.142793E-01
  2.535000E+03,  8.331044E-02,  3.224565E-06,  5.660000E+03,  6.130458E-01
  2.545000E+03,  8.041490E-02,  3.112492E-06,  5.670000E+03,  6.123204E-01
  2.555000E+03,  8.300553E-02,  3.212763E-06,  5.680000E+03,  6.112005E-01
  2.565000E+03,  8.176689E-02,  3.164821E-06,  5.690000E+03,  6.094215E-01
  2.575000E+03,  8.366072E-02,  3.238123E-06,  5.700000E+03,  6.085873E-01
  2.585000E+03,  8.330236E-02,  3.224252E-06,  5.710000E+03,  6.070491E-01
  2.595000E+03,  8.288115E-02,  3.207949E-06,  5.720000E+03,  6.058846E-01
  2.605000E+03,  8.126801E-02,  3.145512E-06,  5.730000E+03,  6.051873E-01
  2.615000E+03,  8.057999E-02,  3.118882E-06,  5.740000E+03,  6.053131E-01
  2.625000E+03,  7.999884E-02,  3.096388E-06,  5.750000E+03,  6.052686E-01
  2.635000E+03,  7.969783E-02,  3.084737E-06,  5.760000E+03,  6.058947E-01
  2.645000E+03,  8.086661E-02,  3.129976E-06,  5.770000E+03,  6.070651E-01
  2.655000E+03,  8.016022E-02,  3.102634E-06,  5.780000E+03,  6.091512E-01
  2.665000E+03,  7.729200E-02,  2.991619E-06,  5.790000E+03,  6.108636E-01
  2.675000E+03,  7.830960E-02,  3.031005E-06,  5.800000E+03,  6.132877E-01
  2.685000E+03,  7.753927E-02,  3.001190E-06,  5.810000E+03,  6.164856E-01
  2.695000E+03,  7.578855E-02,  2.933427E-06,  5.820000E+03,  6.193564E-01
  2.705000E+03,  7.562134E-02,  2.926955E-06,  5.830000E+03,  6.234664E-01
  2.715000E+03,  7.428053E-02,  2.875059E-06,  5.840000E+03,  6.272656E-01
  2.725000E+03,  7.316498E-02,  2.831881E-06,  5.850000E+03,  6.307665E-01
  2.735000E+03,  7.412853E-02,  2.869176E-06,  5.860000E+03,  6.335463E-01
  2.745000E+03,  7.052994E-02,  2.729891E-06,  5.870000E+03,  6.371322E-01
  2.755000E+03,  7.025606E-02,  2.719290E-06,  5.880000E+03,  6.395122E-01
  2.765000E+03,  7.042202E-02,  2.725713E-06,  5.890000E+03,  6.417220E-01
  2.775000E+03,  7.127628E-02,  2.758778E-06,  5.900000E+03,  6.432027E-01
  2.785000E+03,  7.051697E-02,  2.729388E-06,  5.910000E+03,  6.433063E-01
  2.795000E+03,  6.656009E-02,  2.576236E-06,  5.920000E+03,  6.426373E-01
  2.805000E+03,  6.849913E-02,  2.651287E-06,  5.930000E+03,  6.430438E-01
  2.815000E+03,  6.905765E-02,  2.672905E-06,  5.940000E+03,  6.423417E-01
  2.825000E+03,  6.794762E-02,  2.629941E-06,  5.950000E+03,  6.412178E-01
  2.835000E+03,  6.540764E-02,  2.531630E-06,  5.960000E+03,  6.403083E-01
  2.845000E+03,  6.516363E-02,  2.522185E-06,  5.970000E+03,  6.373720E-01
  2.855000E+03,  6.529898E-02,  2.527424E-06,  5.980000E+03,  6.347150E-01
  2.865000E+03,  6.590144E-02,  2.550743E-06,  5.990000E+03,  6.312531E-01
  2.875000E+03,  6.476220E-02,  2.506648E-06,  6.000000E+03,  6.278561E-01
  2.885000E+03,  6.444622E-02,  2.494417E-06,  6.010000E+03,  6.251306E-01
  2.895000E+03,  6.395163E-02,  2.475274E-06,  6.020000E+03,  6.208185E-01
  2.910000E+03,  6.338541E-02,  2.453359E-06,  6.030000E+03,  6.178067E-01
  2.930000E+03,  6.184360E-02,  2.393682E-06,  6.040000E+03,  6.158265E-01
  2.950000E+03,  6.046832E-02,  2.340451E-06,  6.050000E+03,  6.136254E-01
  2.970000E+03,  5.987606E-02,  2.317528E-06,  6.060000E+03,  6.125032E-01
  2.990000E+03,  5.860028E-02,  2.268148E-06,  6.070000E+03,  6.115503E-01
  3.010000E+03,  5.788736E-02,  2.240554E-06,  6.080000E+03,  6.118002E-01
  3.030000E+03,  5.722574E-02,  2.214946E-06,  6.090000E+03,  6.124043E-01
  3.050000E+03,  5.606007E-02,  2.169828E-06,  6.100000E+03,  6.131691E-01
  3.070000E+03,  5.505752E-02,  2.131024E-06,  6.110000E+03,  6.150320E-01
  3.090000E+03,  5.395522E-02,  2.088359E-06,  6.120000E+03,  6.164587E-01
  3.110000E+03,  5.300368E-02,  2.051529E-06,  6.130000E+03,  6.190598E-01
  3.130000E+03,  5.226313E-02,  2.022866E-06,  6.140000E+03,  6.219302E-01
  3.150000E+03,  5.132932E-02,  1.986723E-06,  6.150000E+03,  6.255797E-01
  3.170000E+03,  5.035610E-02,  1.949054E-06,  6.160000E+03,  6.295192E-01
  3.190000E+03,  4.889290E-02,  1.892420E-06,  6.170000E+03,  6.336823E-01
  3.210000E+03,  4.855369E-02,  1.879291E-06,  6.180000E+03,  6.379039E-01
  3.230000E+03,  4.780173E-02,  1.850186E-06,  6.190000E+03,  6.436451E-01
  3.250000E+03,  4.708015E-02,  1.822257E-06,  6.200000E+03,  6.495304E-01
  3.270000E+03,  4.636046E-02,  3.011044E-05,  6.210000E+03,  6.544578E-01
  3.290000E+03,  4.557123E-02,  2.283497E-04,  6.220000E+03,  6.593210E-01
  3.310000E+03,  4.491809E-02,  9.299635E-04,  6.230000E+03,  6.621727E-01
  3.330000E+03,  4.410775E-02,  2.317065E-03,  6.240000E+03,  6.642368E-01
  3.350000E+03,  4.325783E-02,  4.154276E-03,  6.250000E+03,  6.665350E-01
  3.370000E+03,  4.261871E-02,  6.063729E-03,  6.260000E+03,  6.680110E-01
  3.390000E+03,  4.195209E-02,  7.910870E-03,  6.270000E+03,  6.690639E-01
  3.410000E+03,  4.131696E-02,  9.453988E-03,  6.280000E+03,  6.689475E-01
  3.430000E+03,  4.052215E-02,  1.019874E-02,  6.290000E+03,  6.685288E-01
  3.450000E+03,  3.976628E-02,  9.791935E-03,  6.300000E+03,  6.668665E-01
  3.470000E+03,  3.917697E-02,  8.782583E-03,  6.310000E+03,  6.651853E-01
  3.490000E+03,  3.855521E-02,  7.500156E-03,  6.320000E+03,  6.631927E-01
  3.510000E+03,  3.804569E-02,  6.821811E-03,  6.330000E+03,  6.596498E-01
  3.530000E+03,  3.749470E-02,  6.801186E-03,  6.340000E+03,  6.557418E-01
  3.550000E+03,  3.691708E-02,  7.272243E-03,  6.350000E+03,  6.509292E-01
  3.570000E+03,  3.645624E-02,  7.977236E-03,  6.360000E+03,  6.464280E-01
  3.590000E+03,  3.565433E-02,  8.296609E-03,  6.370000E+03,  6.408213E-01
  3.610000E+03,  3.513708E-02,  8.265533E-03,  6.380000E+03,  6.351570E-01
  3.630000E+03,  3.461839E-02,  7.966355E-03,  6.390000E+03,  6.279502E-01
  3.640000E+03,  3.452936E-02,  7.836898E-03,  6.400000E+03,  6.206676E-01
  3.650000E+03,  3.422056E-02,  7.664211E-03,  6.410000E+03,  6.130588E-01
  3.670000E+03,  3.382158E-02,  7.344060E-03,  6.420000E+03,  6.054654E-01
  3.690000E+03,  3.300212E-02,  6.904223E-03,  6.430000E+03,  5.972278E-01
  3.710000E+03,  3.206047E-02,  6.401280E-03,  6.440000E+03,  5.882722E-01
  3.730000E+03,  3.109420E-02,  5.860744E-03,  6.450000E+03,  5.786998E-01
  3.750000E+03,  3.426619E-02,  6.110286E-03,  6.460000E+03,  5.692152E-01
  3.770000E+03,  3.484272E-02,  5.910555E-03,  6.470000E+03,  5.601345E-01
  3.790000E+03,  3.766207E-02,  6.144566E-03,  6.480000E+03,  5.498462E-01
  3.810000E+03,  3.983913E-02,  6.492608E-03,  6.490000E+03,  5.388920E-01
  3.830000E+03,  3.409951E-02,  5.795596E-03,  6.500000E+03,  5.283815E-01
  3.850000E+03,  4.116258E-02,  7.576349E-03,  6.510000E+03,  5.172265E-01
  3.870000E+03,  4.205531E-02,  8.678366E-03,  6.520000E+03,  5.052958E-01
  3.890000E+03,  3.207116E-02,  7.604609E-03,  6.530000E+03,  4.925934E-01
  3.910000E+03,  4.187527E-02,  1.139807E-02,  6.540000E+03,  4.783967E-01
  3.930000E+03,  4.070886E-02,  1.260837E-02,  6.550000E+03,  4.623666E-01
  3.950000E+03,  4.048424E-02,  1.407303E-02,  6.560000E+03,  4.444574E-01
  3.970000E+03,  2.991838E-02,  1.148312E-02,  6.570000E+03,  4.235179E-01
  3.990000E+03,  3.865840E-02,  1.612184E-02,  6.580000E+03,  3.998107E-01
  4.010000E+03,  3.894131E-02,  1.735710E-02,  6.590000E+03,  3.720122E-01
  4.030000E+03,  3.652556E-02,  1.720957E-02,  6.600000E+03,  3.412046E-01
  4.050000E+03,  3.813271E-02,  1.877919E-02,  6.610000E+03,  3.068425E-01
  4.070000E+03,  3.683372E-02,  1.882560E-02,  6.620000E+03,  2.702313E-01
  4.090000E+03,  3.358027E-02,  1.768614E-02,  6.630000E+03,  2.321921E-01
  4.110000E+03,  2.872636E-02,  1.551864E-02,  6.640000E+03,  1.945587E-01
  4.130000E+03,  3.451255E-02,  1.903466E-02,  6.650000E+03,  1.584844E-01
  4.150000E+03,  3.447308E-02,  1.932456E-02,  6.660000E+03,  1.252933E-01
  4.170000E+03,  3.431926E-02,  1.951470E-02,  6.670000E+03,  9.593041E-02
  4.190000E+03,  3.402563E-02,  1.957883E-02,  6.680000E+03,  7.102247E-02
  4.210000E+03,  3.365139E-02,  1.955530E-02,  6.690000E+03,  5.082246E-02
  4.230000E+03,  3.304416E-02,  1.937394E-02,  6.700000E+03,  3.515593E-02
  4.250000E+03,  3.240159E-02,  1.911383E-02,  6.710000E+03,  2.355479E-02
  4.270000E+03,  3.141851E-02,  1.866408E-02,  6.720000E+03,  1.527467E-02
  4.290000E+03,  3.130373E-02,  1.869955E-02,  6.730000E+03,  9.666527E-03
  4.310000E+03,  3.058624E-02,  1.836643E-02,  6.740000E+03,  5.996673E-03
  4.330000E+03,  2.705751E-02,  1.633691E-02,  6.750000E+03,  3.705224E-03
  4.350000E+03,  2.438580E-02,  1.481629E-02,  6.760000E+03,  2.332091E-03
  4.370000E+03,  2.902394E-02,  1.771573E-02,  6.770000E+03,  1.541974E-03
  4.390000E+03,  2.815888E-02,  1.727467E-02,  6.780000E+03,  1.101595E-03
  4.410000E+03,  2.854918E-02,  1.761633E-02,  6.790000E+03,  8.609986E-04
  4.430000E+03,  2.799591E-02,  1.737123E-02,  6.800000E+03,  7.289103E-04
  4.450000E+03,  2.784121E-02,  1.735102E-02,  6.810000E+03,  6.537558E-04
  4.470000E+03,  2.617905E-02,  1.635345E-02,  6.820000E+03,  6.068713E-04
  4.490000E+03,  2.667863E-02,  1.672094E-02,  6.830000E+03,  5.738654E-04
  4.510000E+03,  2.666379E-02,  1.671940E-02,  6.840000E+03,  5.473229E-04
  4.530000E+03,  2.611415E-02,  1.640034E-02,  6.850000E+03,  5.240174E-04
  4.550000E+03,  2.576467E-02,  1.617671E-02,  6.860000E+03,  4.411045E-04
  4.570000E+03,  2.543526E-02,  1.595429E-02,  6.870000E+03,  3.784730E-04
  4.590000E+03,  2.504923E-02,  1.570903E-02,  6.880000E+03,  3.383602E-04
  4.610000E+03,  2.465156E-02,  1.545747E-02,  6.890000E+03,  3.108273E-04
  4.630000E+03,  2.421825E-02,  1.518018E-02,  6.900000E+03,  2.849466E-04
  4.650000E+03,  2.380784E-02,  1.494120E-02,  6.910000E+03,  2.582296E-04
  4.670000E+03,  2.357707E-02,  1.480568E-02,  6.920000E+03,  2.321198E-04
  4.690000E+03,  2.333168E-02,  1.467131E-02,  6.930000E+03,  1.936931E-04
  4.710000E+03,  2.242984E-02,  1.411747E-02,  6.940000E+03,  1.513012E-04
  4.730000E+03,  2.245237E-02,  1.417255E-02,  6.950000E+03,  1.136104E-04
  4.750000E+03,  2.211436E-02,  1.398084E-02,  6.960000E+03,  7.829499E-05
  4.770000E+03,  2.205650E-02,  1.398322E-02,  6.970000E+03,  5.445033E-05
  4.790000E+03,  2.167329E-02,  1.375359E-02,  6.980000E+03,  3.959097E-05
  4.810000E+03,  2.117413E-02,  1.345740E-02,  6.990000E+03,  2.814331E-05
  4.830000E+03,  2.075239E-02,  1.317899E-02,  7.000000E+03,  2.025569E-05
  4.850000E+03,  1.885146E-02,  1.197712E-02,  7.010000E+03,  1.561642E-05
  4.870000E+03,  1.658108E-02,  1.054226E-02,  7.020000E+03,  1.196240E-05
  4.890000E+03,  1.989229E-02,  1.264055E-02,  7.030000E+03,  9.691695E-06
  4.910000E+03,  1.977007E-02,  1.255289E-02,  7.040000E+03,  8.309223E-06
  4.930000E+03,  1.905476E-02,  1.207846E-02,  7.050000E+03,  6.088995E-06
  4.950000E+03,  1.934138E-02,  1.226369E-02,  7.060000E+03,  5.129047E-06
  4.970000E+03,  1.913682E-02,  1.212035E-02,  7.070000E+03,  5.260210E-06
  4.990000E+03,  1.882810E-02,  1.190026E-02,  7.080000E+03,  4.178188E-06
  5.010000E+03,  1.811066E-02,  1.143328E-02,  7.090000E+03,  4.096186E-06
  5.030000E+03,  1.823271E-02,  1.150992E-02,  7.100000E+03,  4.255336E-06
  5.050000E+03,  1.769087E-02,  1.115919E-02,  7.110000E+03,  4.149913E-06
  5.070000E+03,  1.782501E-02,  1.124510E-02,  7.120000E+03,  3.891518E-06
  5.090000E+03,  1.755417E-02,  1.105664E-02,  7.130000E+03,  3.739731E-06
  5.110000E+03,  1.726714E-02,  1.088596E-02,  7.140000E+03,  3.528092E-06
  5.130000E+03,  1.701609E-02,  1.071192E-02,  7.150000E+03,  2.887920E-06
  5.150000E+03,  1.677842E-02,  1.057342E-02,  7.160000E+03,  2.755857E-06
  5.170000E+03,  1.663835E-02,  1.047854E-02,  7.170000E+03,  2.258632E-06
  5.190000E+03,  1.640648E-02,  1.032949E-02,  7.180000E+03,  1.766279E-06
  5.210000E+03,  1.598432E-02,  1.006859E-02,  7.190000E+03,  1.344403E-06
  5.230000E+03,  1.599293E-02,  1.005203E-02,  7.200000E+03,  9.896808E-07
  5.250000E+03,  1.579287E-02,  9.912620E-03,  7.210000E+03,  8.914215E-07
  5.270000E+03,  1.554700E-02,  9.736695E-03,  7.220000E+03,  8.070184E-07
  5.290000E+03,  1.540727E-02,  9.619903E-03,  7.230000E+03,  6.250884E-07
  5.310000E+03,  1.518786E-02,  9.462030E-03,  7.240000E+03,  5.303013E-07
  5.330000E+03,  1.494805E-02,  9.301570E-03,  7.250000E+03,  4.249007E-07
  5.350000E+03,  1.471871E-02,  9.143578E-03,  7.260000E+03,  3.411099E-07
  5.370000E+03,  1.461905E-02,  9.067531E-03,  7.270000E+03,  2.401185E-07
  5.390000E+03,  1.443258E-02,  8.948549E-03,  7.280000E+03,  1.965770E-07
  5.410000E+03,  1.421659E-02,  8.816511E-03,  7.290000E+03,  2.634703E-07
  5.430000E+03,  1.398510E-02,  8.667243E-03,  7.300000E+03,  1.270162E-07
  5.450000E+03,  1.383193E-02,  8.575183E-03,  7.310000E+03,  1.605118E-07
  5.470000E+03,  1.362822E-02,  8.472614E-03,  7.320000E+03,  9.680934E-08
  5.490000E+03,  1.353485E-02,  8.422619E-03,  7.330000E+03,  1.293843E-07
  5.510000E+03,  1.334312E-02,  8.308413E-03,  7.340000E+03,  9.381868E-08
  5.530000E+03,  1.317084E-02,  8.210069E-03,  7.350000E+03,  1.168314E-07
  5.550000E+03,  1.302561E-02,  8.114325E-03,  7.360000E+03,  8.160352E-09
  5.570000E+03,  1.284705E-02,  7.989969E-03,  7.370000E+03,  6.903628E-08
  5.590000E+03,  1.270888E-02,  7.878805E-03,  7.380000E+03,  7.366570E-08
  5.610000E+03,  1.252388E-02,  7.740452E-03,  7.390000E+03,  4.225415E-08
  5.630000E+03,  1.241889E-02,  7.653106E-03,  7.400000E+03,  7.938845E-09
  5.650000E+03,  1.211093E-02,  7.439497E-03,  7.410000E+03,  6.428880E-08
  5.670000E+03,  1.199240E-02,  7.343191E-03,  7.420000E+03,  9.945671E-09
  5.690000E+03,  1.191040E-02,  7.258453E-03,  7.430000E+03,  2.330085E-08
  5.710000E+03,  1.180406E-02,  7.165643E-03,  7.440000E+03,  3.435828E-08
  5.730000E+03,  1.167012E-02,  7.062610E-03,  7.450000E+03,  1.275550E-07
  5.750000E+03,  1.151987E-02,  6.972614E-03,  7.460000E+03,  8.345182E-08
  5.770000E+03,  1.139465E-02,  6.917297E-03,  7.470000E+03,  4.044282E-08
  5.790000E+03,  1.125529E-02,  6.875444E-03,  7.480000E+03,  3.051358E-08
  5.810000E+03,  1.110798E-02,  6.847907E-03,  7.490000E+03,  4.886019E-08
  5.830000E+03,  1.097541E-02,  6.842802E-03,  7.500000E+03,  2.171674E-08
  5.850000E+03,  1.084943E-02,  6.843455E-03,  0.000000E+00,  0.000000E+00
  5.870000E+03,  1.040995E-02,  6.632517E-03,  0.000000E+00,  0.000000E+00
  5.890000E+03,  1.052861E-02,  6.756441E-03,  0.000000E+00,  0.000000E+00
  5.910000E+03,  1.045739E-02,  6.727302E-03,  0.000000E+00,  0.000000E+00
  5.930000E+03,  1.034796E-02,  6.654193E-03,  0.000000E+00,  0.000000E+00
  5.950000E+03,  1.016978E-02,  6.521046E-03,  0.000000E+00,  0.000000E+00
  5.970000E+03,  1.010558E-02,  6.441014E-03,  0.000000E+00,  0.000000E+00
  5.990000E+03,  9.960386E-03,  6.287525E-03,  0.000000E+00,  0.000000E+00
  6.010000E+03,  9.882057E-03,  6.177576E-03,  0.000000E+00,  0.000000E+00
  6.030000E+03,  9.760521E-03,  6.030116E-03,  0.000000E+00,  0.000000E+00
  6.050000E+03,  9.650832E-03,  5.921996E-03,  0.000000E+00,  0.000000E+00
  6.070000E+03,  9.537715E-03,  5.832793E-03,  0.000000E+00,  0.000000E+00
  6.090000E+03,  9.416484E-03,  5.766695E-03,  0.000000E+00,  0.000000E+00
  6.110000E+03,  9.324178E-03,  5.734668E-03,  0.000000E+00,  0.000000E+00
  6.130000E+03,  9.219795E-03,  5.707605E-03,  0.000000E+00,  0.000000E+00
  6.150000E+03,  9.053369E-03,  5.663604E-03,  0.000000E+00,  0.000000E+00
  6.170000E+03,  9.001166E-03,  5.703879E-03,  0.000000E+00,  0.000000E+00
  6.190000E+03,  8.908782E-03,  5.734094E-03,  0.000000E+00,  0.000000E+00
  6.210000E+03,  8.804757E-03,  5.762342E-03,  0.000000E+00,  0.000000E+00
  6.230000E+03,  8.704661E-03,  5.763989E-03,  0.000000E+00,  0.000000E+00
  6.250000E+03,  8.577881E-03,  5.717458E-03,  0.000000E+00,  0.000000E+00
  6.270000E+03,  8.504678E-03,  5.690173E-03,  0.000000E+00,  0.000000E+00
  6.290000E+03,  8.407390E-03,  5.620582E-03,  0.000000E+00,  0.000000E+00
  6.310000E+03,  8.298195E-03,  5.519837E-03,  0.000000E+00,  0.000000E+00
  6.330000E+03,  8.227202E-03,  5.427073E-03,  0.000000E+00,  0.000000E+00
  6.350000E+03,  8.072093E-03,  5.254361E-03,  0.000000E+00,  0.000000E+00
  6.370000E+03,  8.008637E-03,  5.132105E-03,  0.000000E+00,  0.000000E+00
  6.390000E+03,  7.946802E-03,  4.990196E-03,  0.000000E+00,  0.000000E+00
  6.410000E+03,  7.856091E-03,  4.816246E-03,  0.000000E+00,  0.000000E+00
  6.430000E+03,  7.792297E-03,  4.653777E-03,  0.000000E+00,  0.000000E+00
  6.450000E+03,  7.694757E-03,  4.452954E-03,  0.000000E+00,  0.000000E+00
  6.470000E+03,  7.611510E-03,  4.263470E-03,  0.000000E+00,  0.000000E+00
  6.490000E+03,  7.530856E-03,  4.058318E-03,  0.000000E+00,  0.000000E+00
  6.510000E+03,  7.426171E-03,  3.841013E-03,  0.000000E+00,  0.000000E+00
  6.530000E+03,  7.313852E-03,  3.602755E-03,  0.000000E+00,  0.000000E+00
  6.550000E+03,  6.905008E-03,  3.192645E-03,  0.000000E+00,  0.000000E+00
  6.570000E+03,  6.038820E-03,  2.557548E-03,  0.000000E+00,  0.000000E+00
  6.590000E+03,  6.996905E-03,  2.602934E-03,  0.000000E+00,  0.000000E+00
  6.610000E+03,  7.035694E-03,  2.158850E-03,  0.000000E+00,  0.000000E+00
  6.630000E+03,  6.986660E-03,  1.622247E-03,  0.000000E+00,  0.000000E+00
  6.650000E+03,  6.916035E-03,  1.096083E-03,  0.000000E+00,  0.000000E+00
  6.670000E+03,  6.778586E-03,  6.502725E-04,  0.000000E+00,  0.000000E+00
  6.690000E+03,  6.712979E-03,  3.411701E-04,  0.000000E+00,  0.000000E+00
  6.710000E+03,  6.697534E-03,  1.577590E-04,  0.000000E+00,  0.000000E+00
  6.730000E+03,  6.629312E-03,  6.408243E-05,  0.000000E+00,  0.000000E+00
  6.750000E+03,  6.564087E-03,  2.432141E-05,  0.000000E+00,  0.000000E+00
  6.770000E+03,  6.497368E-03,  1.001877E-05,  0.000000E+00,  0.000000E+00
  6.790000E+03,  6.407545E-03,  5.516887E-06,  0.000000E+00,  0.000000E+00
  6.810000E+03,  6.358223E-03,  4.156725E-06,  0.000000E+00,  0.000000E+00
  6.830000E+03,  6.285218E-03,  3.606870E-06,  0.000000E+00,  0.000000E+00
  6.850000E+03,  6.230514E-03,  3.264898E-06,  0.000000E+00,  0.000000E+00
  6.870000E+03,  6.167091E-03,  2.334078E-06,  0.000000E+00,  0.000000E+00
  6.890000E+03,  6.103445E-03,  1.897117E-06,  0.000000E+00,  0.000000E+00
  6.910000E+03,  6.040483E-03,  1.559831E-06,  0.000000E+00,  0.000000E+00
  6.930000E+03,  5.966911E-03,  1.155750E-06,  0.000000E+00,  0.000000E+00
  6.950000E+03,  5.918682E-03,  6.724240E-07,  0.000000E+00,  0.000000E+00
  6.970000E+03,  5.859693E-03,  3.190622E-07,  0.000000E+00,  0.000000E+00
  6.990000E+03,  5.797183E-03,  1.631519E-07,  0.000000E+00,  0.000000E+00
  7.010000E+03,  5.736134E-03,  8.957789E-08,  0.000000E+00,  0.000000E+00
  7.030000E+03,  5.678581E-03,  5.503507E-08,  0.000000E+00,  0.000000E+00
  7.050000E+03,  5.617144E-03,  3.420276E-08,  0.000000E+00,  0.000000E+00
  7.070000E+03,  5.485652E-03,  2.885568E-08,  0.000000E+00,  0.000000E+00
  7.090000E+03,  5.514977E-03,  2.259037E-08,  0.000000E+00,  0.000000E+00
  7.110000E+03,  5.452075E-03,  2.262564E-08,  0.000000E+00,  0.000000E+00
  7.130000E+03,  5.399560E-03,  2.019290E-08,  0.000000E+00,  0.000000E+00
  7.150000E+03,  5.345017E-03,  1.543598E-08,  0.000000E+00,  0.000000E+00
  7.170000E+03,  5.295671E-03,  1.196097E-08,  0.000000E+00,  0.000000E+00
  7.190000E+03,  5.245811E-03,  7.052483E-09,  0.000000E+00,  0.000000E+00
  7.210000E+03,  5.195015E-03,  4.630948E-09,  0.000000E+00,  0.000000E+00
  7.230000E+03,  5.094540E-03,  3.184538E-09,  0.000000E+00,  0.000000E+00
  7.250000E+03,  5.085290E-03,  2.160743E-09,  0.000000E+00,  0.000000E+00
  7.270000E+03,  5.043311E-03,  1.210993E-09,  0.000000E+00,  0.000000E+00
  7.290000E+03,  4.961902E-03,  1.307314E-09,  0.000000E+00,  0.000000E+00
  7.310000E+03,  4.944661E-03,  7.936763E-10,  0.000000E+00,  0.000000E+00
  7.330000E+03,  4.897062E-03,  6.336028E-10,  0.000000E+00,  0.000000E+00
  7.350000E+03,  4.851318E-03,  5.667863E-10,  0.000000E+00,  0.000000E+00
  7.370000E+03,  4.804470E-03,  3.316827E-10,  0.000000E+00,  0.000000E+00
  7.390000E+03,  4.757837E-03,  2.010383E-10,  0.000000E+00,  0.000000E+00
  7.410000E+03,  4.712419E-03,  3.029557E-10,  0.000000E+00,  0.000000E+00
  7.430000E+03,  4.657743E-03,  1.085294E-10,  0.000000E+00,  0.000000E+00
  7.450000E+03,  4.619105E-03,  5.891901E-10,  0.000000E+00,  0.000000E+00
  7.470000E+03,  4.569071E-03,  1.847861E-10,  0.000000E+00,  0.000000E+00
  7.490000E+03,  4.528884E-03,  2.212821E-10,  0.000000E+00,  0.000000E+00
  7.510000E+03,  4.488711E-03,  9.748016E-11,  0.000000E+00,  0.000000E+00
  7.530000E+03,  4.446985E-03,  9.657403E-11,  0.000000E+00,  0.000000E+00
  7.550000E+03,  4.406464E-03,  9.569403E-11,  0.000000E+00,  0.000000E+00
  7.570000E+03,  4.365995E-03,  9.481519E-11,  0.000000E+00,  0.000000E+00
  7.590000E+03,  4.321735E-03,  9.385400E-11,  0.000000E+00,  0.000000E+00
  7.610000E+03,  4.284597E-03,  9.304747E-11,  0.000000E+00,  0.000000E+00
  7.630000E+03,  4.244467E-03,  9.217600E-11,  0.000000E+00,  0.000000E+00
  7.650000E+03,  4.204717E-03,  9.131274E-11,  0.000000E+00,  0.000000E+00
  7.670000E+03,  4.165801E-03,  9.046762E-11,  0.000000E+00,  0.000000E+00
  7.690000E+03,  4.126894E-03,  8.962269E-11,  0.000000E+00,  0.000000E+00
  7.710000E+03,  4.088959E-03,  8.879887E-11,  0.000000E+00,  0.000000E+00
  7.730000E+03,  4.049660E-03,  8.794542E-11,  0.000000E+00,  0.000000E+00
  7.750000E+03,  4.013402E-03,  8.715801E-11,  0.000000E+00,  0.000000E+00
  7.770000E+03,  3.935013E-03,  8.545566E-11,  0.000000E+00,  0.000000E+00
  7.790000E+03,  3.940238E-03,  8.556912E-11,  0.000000E+00,  0.000000E+00
  7.810000E+03,  3.903114E-03,  8.476292E-11,  0.000000E+00,  0.000000E+00
  7.830000E+03,  3.869109E-03,  8.402444E-11,  0.000000E+00,  0.000000E+00
  7.850000E+03,  3.819399E-03,  8.294490E-11,  0.000000E+00,  0.000000E+00
  7.870000E+03,  3.788929E-03,  8.228319E-11,  0.000000E+00,  0.000000E+00
  7.890000E+03,  3.744573E-03,  8.131992E-11,  0.000000E+00,  0.000000E+00
  7.910000E+03,  3.729877E-03,  8.100078E-11,  0.000000E+00,  0.000000E+00
  7.930000E+03,  3.698377E-03,  8.031669E-11,  0.000000E+00,  0.000000E+00
  7.950000E+03,  3.647923E-03,  7.922100E-11,  0.000000E+00,  0.000000E+00
  7.970000E+03,  3.628673E-03,  7.880296E-11,  0.000000E+00,  0.000000E+00
  7.990000E+03,  3.575113E-03,  7.763979E-11,  0.000000E+00,  0.000000E+00
  8.010000E+03,  3.565843E-03,  7.743849E-11,  0.000000E+00,  0.000000E+00
  8.030000E+03,  3.532715E-03,  7.671906E-11,  0.000000E+00,  0.000000E+00
  8.050000E+03,  3.499368E-03,  7.599488E-11,  0.000000E+00,  0.000000E+00
  8.070000E+03,  3.471453E-03,  7.538863E-11,  0.000000E+00,  0.000000E+00
  8.090000E+03,  3.436555E-03,  7.463076E-11,  0.000000E+00,  0.000000E+00
  8.110000E+03,  3.406311E-03,  7.397397E-11,  0.000000E+00,  0.000000E+00
  8.130000E+03,  3.377812E-03,  7.335507E-11,  0.000000E+00,  0.000000E+00
  8.150000E+03,  3.347080E-03,  7.268767E-11,  0.000000E+00,  0.000000E+00
  8.170000E+03,  3.321696E-03,  7.213640E-11,  0.000000E+00,  0.000000E+00
  8.190000E+03,  3.288249E-03,  7.141005E-11,  0.000000E+00,  0.000000E+00
  8.210000E+03,  3.249168E-03,  7.056133E-11,  0.000000E+00,  0.000000E+00
  8.230000E+03,  3.216334E-03,  6.984828E-11,  0.000000E+00,  0.000000E+00
  8.250000E+03,  3.207180E-03,  6.964951E-11,  0.000000E+00,  0.000000E+00
  8.270000E+03,  3.168515E-03,  6.880981E-11,  0.000000E+00,  0.000000E+00
  8.290000E+03,  3.150314E-03,  6.841455E-11,  0.000000E+00,  0.000000E+00
  8.310000E+03,  3.122216E-03,  6.780436E-11,  0.000000E+00,  0.000000E+00
  8.330000E+03,  3.098296E-03,  6.728488E-11,  0.000000E+00,  0.000000E+00
  8.350000E+03,  3.061104E-03,  6.647721E-11,  0.000000E+00,  0.000000E+00
  8.370000E+03,  3.037906E-03,  6.597341E-11,  0.000000E+00,  0.000000E+00
  8.390000E+03,  3.018991E-03,  6.556265E-11,  0.000000E+00,  0.000000E+00
  8.410000E+03,  2.990645E-03,  6.494705E-11,  0.000000E+00,  0.000000E+00
  8.430000E+03,  2.960029E-03,  6.428218E-11,  0.000000E+00,  0.000000E+00
  8.450000E+03,  2.904975E-03,  6.308659E-11,  0.000000E+00,  0.000000E+00
  8.470000E+03,  2.897908E-03,  6.293312E-11,  0.000000E+00,  0.000000E+00
  8.490000E+03,  2.881170E-03,  6.256962E-11,  0.000000E+00,  0.000000E+00
  8.510000E+03,  2.830503E-03,  6.146929E-11,  0.000000E+00,  0.000000E+00
  8.530000E+03,  2.845684E-03,  6.179899E-11,  0.000000E+00,  0.000000E+00
  8.550000E+03,  2.733804E-03,  5.936932E-11,  0.000000E+00,  0.000000E+00
  8.570000E+03,  2.836439E-03,  6.159821E-11,  0.000000E+00,  0.000000E+00
  8.590000E+03,  2.697988E-03,  5.859151E-11,  0.000000E+00,  0.000000E+00
  8.610000E+03,  2.675369E-03,  5.810028E-11,  0.000000E+00,  0.000000E+00
  8.630000E+03,  2.801123E-03,  6.083125E-11,  0.000000E+00,  0.000000E+00
  8.650000E+03,  2.706754E-03,  5.878187E-11,  0.000000E+00,  0.000000E+00
  8.670000E+03,  2.476916E-03,  5.379055E-11,  0.000000E+00,  0.000000E+00
  8.690000E+03,  2.731557E-03,  5.932051E-11,  0.000000E+00,  0.000000E+00
  8.710000E+03,  2.765343E-03,  6.005425E-11,  0.000000E+00,  0.000000E+00
  8.730000E+03,  2.670737E-03,  5.799970E-11,  0.000000E+00,  0.000000E+00
  8.750000E+03,  2.346649E-03,  5.096157E-11,  0.000000E+00,  0.000000E+00
  8.770000E+03,  2.573918E-03,  5.589712E-11,  0.000000E+00,  0.000000E+00
  8.790000E+03,  2.690124E-03,  5.842072E-11,  0.000000E+00,  0.000000E+00
  8.810000E+03,  2.687962E-03,  5.837377E-11,  0.000000E+00,  0.000000E+00
  8.830000E+03,  2.639730E-03,  5.732633E-11,  0.000000E+00,  0.000000E+00
  8.850000E+03,  2.447133E-03,  5.314376E-11,  0.000000E+00,  0.000000E+00
  8.870000E+03,  2.229355E-03,  4.841433E-11,  0.000000E+00,  0.000000E+00
  8.890000E+03,  2.539780E-03,  5.515574E-11,  0.000000E+00,  0.000000E+00
  8.910000E+03,  2.577117E-03,  5.596659E-11,  0.000000E+00,  0.000000E+00
  8.930000E+03,  2.559999E-03,  5.559484E-11,  0.000000E+00,  0.000000E+00
  8.950000E+03,  2.553083E-03,  5.544464E-11,  0.000000E+00,  0.000000E+00
  8.970000E+03,  2.523265E-03,  5.479709E-11,  0.000000E+00,  0.000000E+00
  8.990000E+03,  2.439898E-03,  5.298662E-11,  0.000000E+00,  0.000000E+00
  9.010000E+03,  2.126751E-03,  4.618610E-11,  0.000000E+00,  0.000000E+00
  9.030000E+03,  2.243657E-03,  4.872492E-11,  0.000000E+00,  0.000000E+00
  9.050000E+03,  2.415309E-03,  5.245263E-11,  0.000000E+00,  0.000000E+00
  9.070000E+03,  2.403258E-03,  5.219092E-11,  0.000000E+00,  0.000000E+00
  9.090000E+03,  2.400422E-03,  5.212933E-11,  0.000000E+00,  0.000000E+00
  9.110000E+03,  2.393624E-03,  5.198170E-11,  0.000000E+00,  0.000000E+00
  9.130000E+03,  2.378698E-03,  5.165756E-11,  0.000000E+00,  0.000000E+00
  9.150000E+03,  2.357998E-03,  5.120804E-11,  0.000000E+00,  0.000000E+00
  9.170000E+03,  2.328941E-03,  5.057700E-11,  0.000000E+00,  0.000000E+00
  9.190000E+03,  2.297904E-03,  4.990299E-11,  0.000000E+00,  0.000000E+00
  9.210000E+03,  2.182478E-03,  4.739630E-11,  0.000000E+00,  0.000000E+00
  9.230000E+03,  1.885912E-03,  4.095587E-11,  0.000000E+00,  0.000000E+00
  9.250000E+03,  2.132942E-03,  4.632054E-11,  0.000000E+00,  0.000000E+00
  9.270000E+03,  2.193517E-03,  4.763604E-11,  0.000000E+00,  0.000000E+00
  9.290000E+03,  2.222608E-03,  4.826780E-11,  0.000000E+00,  0.000000E+00
  9.310000E+03,  2.203191E-03,  4.784613E-11,  0.000000E+00,  0.000000E+00
  9.330000E+03,  2.194188E-03,  4.765061E-11,  0.000000E+00,  0.000000E+00
  9.350000E+03,  2.179554E-03,  4.733281E-11,  0.000000E+00,  0.000000E+00
  9.370000E+03,  2.164832E-03,  4.701310E-11,  0.000000E+00,  0.000000E+00
  9.390000E+03,  2.147158E-03,  4.662928E-11,  0.000000E+00,  0.000000E+00
  9.410000E+03,  2.115705E-03,  4.594621E-11,  0.000000E+00,  0.000000E+00
  9.430000E+03,  2.114080E-03,  4.591092E-11,  0.000000E+00,  0.000000E+00
  9.450000E+03,  2.097367E-03,  4.554798E-11,  0.000000E+00,  0.000000E+00
  9.470000E+03,  2.066047E-03,  4.486781E-11,  0.000000E+00,  0.000000E+00
  9.490000E+03,  2.054107E-03,  4.460850E-11,  0.000000E+00,  0.000000E+00
  9.510000E+03,  2.009188E-03,  4.363302E-11,  0.000000E+00,  0.000000E+00
  9.530000E+03,  1.902279E-03,  4.131130E-11,  0.000000E+00,  0.000000E+00
  9.550000E+03,  1.674184E-03,  3.635782E-11,  0.000000E+00,  0.000000E+00
  9.570000E+03,  1.913262E-03,  4.154980E-11,  0.000000E+00,  0.000000E+00
  9.590000E+03,  1.965220E-03,  4.267816E-11,  0.000000E+00,  0.000000E+00
  9.610000E+03,  1.958352E-03,  4.252903E-11,  0.000000E+00,  0.000000E+00
  9.630000E+03,  1.931329E-03,  4.194216E-11,  0.000000E+00,  0.000000E+00
  9.650000E+03,  1.941561E-03,  4.216437E-11,  0.000000E+00,  0.000000E+00
  9.670000E+03,  1.924734E-03,  4.179895E-11,  0.000000E+00,  0.000000E+00
  9.690000E+03,  1.910298E-03,  4.148544E-11,  0.000000E+00,  0.000000E+00
  9.710000E+03,  1.893126E-03,  4.111252E-11,  0.000000E+00,  0.000000E+00
  9.730000E+03,  1.883275E-03,  4.089860E-11,  0.000000E+00,  0.000000E+00
  9.750000E+03,  1.867433E-03,  4.055457E-11,  0.000000E+00,  0.000000E+00
  9.770000E+03,  1.854936E-03,  4.028316E-11,  0.000000E+00,  0.000000E+00
  9.790000E+03,  1.840752E-03,  3.997513E-11,  0.000000E+00,  0.000000E+00
  9.810000E+03,  1.826548E-03,  3.966667E-11,  0.000000E+00,  0.000000E+00
  9.830000E+03,  1.811003E-03,  3.932909E-11,  0.000000E+00,  0.000000E+00
  9.850000E+03,  1.799050E-03,  3.906949E-11,  0.000000E+00,  0.000000E+00
  9.870000E+03,  1.785458E-03,  3.877432E-11,  0.000000E+00,  0.000000E+00
  9.890000E+03,  1.768997E-03,  3.841685E-11,  0.000000E+00,  0.000000E+00
  9.910000E+03,  1.753271E-03,  3.807533E-11,  0.000000E+00,  0.000000E+00
  9.930000E+03,  1.745549E-03,  3.790764E-11,  0.000000E+00,  0.000000E+00
  9.950000E+03,  1.732021E-03,  3.761384E-11,  0.000000E+00,  0.000000E+00
  9.970000E+03,  1.715813E-03,  3.726186E-11,  0.000000E+00,  0.000000E+00
  9.990000E+03,  1.699701E-03,  3.691197E-11,  0.000000E+00,  0.000000E+00
  1.002500E+04,  1.598197E-03,  3.470763E-11,  0.000000E+00,  0.000000E+00
  1.007500E+04,  1.537358E-03,  3.338641E-11,  0.000000E+00,  0.000000E+00
  1.012500E+04,  1.612538E-03,  3.501907E-11,  0.000000E+00,  0.000000E+00
  1.017500E+04,  1.593714E-03,  3.461026E-11,  0.000000E+00,  0.000000E+00
  1.022500E+04,  1.565185E-03,  3.399072E-11,  0.000000E+00,  0.000000E+00
  1.027500E+04,  1.537490E-03,  3.338927E-11,  0.000000E+00,  0.000000E+00
  1.032500E+04,  1.504943E-03,  3.268246E-11,  0.000000E+00,  0.000000E+00
  1.037500E+04,  1.482806E-03,  3.220172E-11,  0.000000E+00,  0.000000E+00
  1.042500E+04,  1.456750E-03,  3.163585E-11,  0.000000E+00,  0.000000E+00
  1.047500E+04,  1.430665E-03,  3.106938E-11,  0.000000E+00,  0.000000E+00
  1.052500E+04,  1.405261E-03,  3.051769E-11,  0.000000E+00,  0.000000E+00
  1.057500E+04,  1.380817E-03,  2.998685E-11,  0.000000E+00,  0.000000E+00
  1.062500E+04,  1.356990E-03,  2.946940E-11,  0.000000E+00,  0.000000E+00
  1.067500E+04,  1.328298E-03,  2.884631E-11,  0.000000E+00,  0.000000E+00
  1.072500E+04,  1.309907E-03,  2.844692E-11,  0.000000E+00,  0.000000E+00
  1.077500E+04,  1.287191E-03,  2.795360E-11,  0.000000E+00,  0.000000E+00
  1.082500E+04,  1.251729E-03,  2.718348E-11,  0.000000E+00,  0.000000E+00
  1.087500E+04,  1.237330E-03,  2.687078E-11,  0.000000E+00,  0.000000E+00
  1.092500E+04,  1.111560E-03,  2.413946E-11,  0.000000E+00,  0.000000E+00
  1.097500E+04,  1.165789E-03,  2.531713E-11,  0.000000E+00,  0.000000E+00
  1.102500E+04,  1.172771E-03,  2.546876E-11,  0.000000E+00,  0.000000E+00
  1.107500E+04,  1.161130E-03,  2.521595E-11,  0.000000E+00,  0.000000E+00
  1.112500E+04,  1.142610E-03,  2.481376E-11,  0.000000E+00,  0.000000E+00
  1.117500E+04,  1.123426E-03,  2.439716E-11,  0.000000E+00,  0.000000E+00
  1.122500E+04,  1.104588E-03,  2.398806E-11,  0.000000E+00,  0.000000E+00
  1.127500E+04,  1.082125E-03,  2.350022E-11,  0.000000E+00,  0.000000E+00
  1.132500E+04,  1.066024E-03,  2.315056E-11,  0.000000E+00,  0.000000E+00
  1.137500E+04,  1.051304E-03,  2.283090E-11,  0.000000E+00,  0.000000E+00
  1.142500E+04,  1.033979E-03,  2.245465E-11,  0.000000E+00,  0.000000E+00
  1.147500E+04,  1.017509E-03,  2.209698E-11,  0.000000E+00,  0.000000E+00
  1.152500E+04,  1.000947E-03,  2.173730E-11,  0.000000E+00,  0.000000E+00
  1.157500E+04,  9.848464E-04,  2.138765E-11,  0.000000E+00,  0.000000E+00
  1.162500E+04,  9.677487E-04,  2.101635E-11,  0.000000E+00,  0.000000E+00
  1.167500E+04,  9.530692E-04,  2.069756E-11,  0.000000E+00,  0.000000E+00
  1.172500E+04,  9.381513E-04,  2.037359E-11,  0.000000E+00,  0.000000E+00
  1.177500E+04,  9.214309E-04,  2.001048E-11,  0.000000E+00,  0.000000E+00
  1.182500E+04,  9.089146E-04,  1.973866E-11,  0.000000E+00,  0.000000E+00
  1.187500E+04,  8.944808E-04,  1.942521E-11,  0.000000E+00,  0.000000E+00
  1.192500E+04,  8.808291E-04,  1.912874E-11,  0.000000E+00,  0.000000E+00
  1.197500E+04,  8.604852E-04,  1.868693E-11,  0.000000E+00,  0.000000E+00
  1.202500E+04,  8.536606E-04,  1.853873E-11,  0.000000E+00,  0.000000E+00
  1.207500E+04,  8.403990E-04,  1.825073E-11,  0.000000E+00,  0.000000E+00
  1.212500E+04,  8.274281E-04,  1.796904E-11,  0.000000E+00,  0.000000E+00
  1.217500E+04,  8.147325E-04,  1.769333E-11,  0.000000E+00,  0.000000E+00
  1.222500E+04,  8.022421E-04,  1.742208E-11,  0.000000E+00,  0.000000E+00
  1.227500E+04,  7.900001E-04,  1.715623E-11,  0.000000E+00,  0.000000E+00
  1.232500E+04,  7.779978E-04,  1.689558E-11,  0.000000E+00,  0.000000E+00
  1.237500E+04,  7.662998E-04,  1.664153E-11,  0.000000E+00,  0.000000E+00
  1.242500E+04,  7.548386E-04,  1.639263E-11,  0.000000E+00,  0.000000E+00
  1.247500E+04,  7.424920E-04,  1.612451E-11,  0.000000E+00,  0.000000E+00
  1.252500E+04,  7.311995E-04,  1.587927E-11,  0.000000E+00,  0.000000E+00
  1.257500E+04,  7.207369E-04,  1.565206E-11,  0.000000E+00,  0.000000E+00
  1.262500E+04,  7.105316E-04,  1.543043E-11,  0.000000E+00,  0.000000E+00
  1.267500E+04,  7.001381E-04,  1.520472E-11,  0.000000E+00,  0.000000E+00
  1.272500E+04,  6.888589E-04,  1.495977E-11,  0.000000E+00,  0.000000E+00
  1.277500E+04,  6.667155E-04,  1.447889E-11,  0.000000E+00,  0.000000E+00
  1.282500E+04,  6.106663E-04,  1.326168E-11,  0.000000E+00,  0.000000E+00
  1.287500E+04,  6.537882E-04,  1.419815E-11,  0.000000E+00,  0.000000E+00
  1.292500E+04,  6.499087E-04,  1.411390E-11,  0.000000E+00,  0.000000E+00
  1.297500E+04,  6.379869E-04,  1.385500E-11,  0.000000E+00,  0.000000E+00
  1.302500E+04,  6.319803E-04,  1.372455E-11,  0.000000E+00,  0.000000E+00
  1.307500E+04,  6.229040E-04,  1.352745E-11,  0.000000E+00,  0.000000E+00
  1.312500E+04,  6.140155E-04,  1.333442E-11,  0.000000E+00,  0.000000E+00
  1.317500E+04,  6.046869E-04,  1.313183E-11,  0.000000E+00,  0.000000E+00
  1.322500E+04,  5.966794E-04,  1.295793E-11,  0.000000E+00,  0.000000E+00
  1.327500E+04,  5.882395E-04,  1.277464E-11,  0.000000E+00,  0.000000E+00
  1.332500E+04,  5.799476E-04,  1.259457E-11,  0.000000E+00,  0.000000E+00
  1.337500E+04,  5.718072E-04,  1.241779E-11,  0.000000E+00,  0.000000E+00
  1.342500E+04,  5.634259E-04,  1.223577E-11,  0.000000E+00,  0.000000E+00
  1.347500E+04,  5.559128E-04,  1.207262E-11,  0.000000E+00,  0.000000E+00
  1.352500E+04,  5.481111E-04,  1.190319E-11,  0.000000E+00,  0.000000E+00
  1.357500E+04,  5.406030E-04,  1.174014E-11,  0.000000E+00,  0.000000E+00
  1.362500E+04,  5.331261E-04,  1.157776E-11,  0.000000E+00,  0.000000E+00
  1.367500E+04,  5.256443E-04,  1.141528E-11,  0.000000E+00,  0.000000E+00
  1.372500E+04,  5.184983E-04,  1.126009E-11,  0.000000E+00,  0.000000E+00
  1.377500E+04,  5.115643E-04,  1.110951E-11,  0.000000E+00,  0.000000E+00
  1.382500E+04,  5.046016E-04,  1.095830E-11,  0.000000E+00,  0.000000E+00
  1.387500E+04,  4.977643E-04,  1.080982E-11,  0.000000E+00,  0.000000E+00
  1.392500E+04,  4.909399E-04,  1.066161E-11,  0.000000E+00,  0.000000E+00
  1.397500E+04,  4.843744E-04,  1.051903E-11,  0.000000E+00,  0.000000E+00
  1.402500E+04,  4.779242E-04,  1.037896E-11,  0.000000E+00,  0.000000E+00
  1.407500E+04,  4.715061E-04,  1.023958E-11,  0.000000E+00,  0.000000E+00
  1.412500E+04,  4.651954E-04,  1.010253E-11,  0.000000E+00,  0.000000E+00
  1.417500E+04,  4.590713E-04,  9.969532E-12,  0.000000E+00,  0.000000E+00
  1.422500E+04,  4.529896E-04,  9.837458E-12,  0.000000E+00,  0.000000E+00
  1.427500E+04,  4.470079E-04,  9.707554E-12,  0.000000E+00,  0.000000E+00
  1.432500E+04,  4.411318E-04,  9.579945E-12,  0.000000E+00,  0.000000E+00
  1.437500E+04,  4.353189E-04,  9.453708E-12,  0.000000E+00,  0.000000E+00
  1.442500E+04,  4.294105E-04,  9.325397E-12,  0.000000E+00,  0.000000E+00
  1.447500E+04,  4.238629E-04,  9.204920E-12,  0.000000E+00,  0.000000E+00
  1.452500E+04,  4.184257E-04,  9.086842E-12,  0.000000E+00,  0.000000E+00
  1.457000E+04,  4.136820E-04,  8.983824E-12,  0.000000E+00,  0.000000E+00
  1.462000E+04,  4.083728E-04,  8.868527E-12,  0.000000E+00,  0.000000E+00
  1.467500E+04,  4.027052E-04,  8.745443E-12,  0.000000E+00,  0.000000E+00
  1.472500E+04,  3.975254E-04,  8.632957E-12,  0.000000E+00,  0.000000E+00
  1.477500E+04,  3.924181E-04,  8.522042E-12,  0.000000E+00,  0.000000E+00
  1.482500E+04,  3.875938E-04,  8.417274E-12,  0.000000E+00,  0.000000E+00
  1.487500E+04,  3.827138E-04,  8.311296E-12,  0.000000E+00,  0.000000E+00
  1.492500E+04,  3.779357E-04,  8.207532E-12,  0.000000E+00,  0.000000E+00
  1.497500E+04,  3.731783E-04,  8.104216E-12,  0.000000E+00,  0.000000E+00
  1.502500E+04,  3.685213E-04,  8.003081E-12,  0.000000E+00,  0.000000E+00
  1.507500E+04,  3.633808E-04,  7.891447E-12,  0.000000E+00,  0.000000E+00
  1.512500E+04,  3.593339E-04,  7.803561E-12,  0.000000E+00,  0.000000E+00
  1.517500E+04,  3.548425E-04,  7.706023E-12,  0.000000E+00,  0.000000E+00
  1.522500E+04,  3.503967E-04,  7.609474E-12,  0.000000E+00,  0.000000E+00
  1.527500E+04,  3.458516E-04,  7.510769E-12,  0.000000E+00,  0.000000E+00
  1.532500E+04,  3.414102E-04,  7.414316E-12,  0.000000E+00,  0.000000E+00
  1.537500E+04,  3.375488E-04,  7.330460E-12,  0.000000E+00,  0.000000E+00
  1.542500E+04,  3.324121E-04,  7.218908E-12,  0.000000E+00,  0.000000E+00
  1.547500E+04,  3.292690E-04,  7.150650E-12,  0.000000E+00,  0.000000E+00
  1.552500E+04,  3.250970E-04,  7.060047E-12,  0.000000E+00,  0.000000E+00
  1.557500E+04,  3.190133E-04,  6.927929E-12,  0.000000E+00,  0.000000E+00
  1.562500E+04,  3.187320E-04,  6.921820E-12,  0.000000E+00,  0.000000E+00
  1.567500E+04,  3.120822E-04,  6.777407E-12,  0.000000E+00,  0.000000E+00
  1.572500E+04,  3.063640E-04,  6.653228E-12,  0.000000E+00,  0.000000E+00
  1.577500E+04,  3.080155E-04,  6.689092E-12,  0.000000E+00,  0.000000E+00
  1.582500E+04,  3.039479E-04,  6.600757E-12,  0.000000E+00,  0.000000E+00
  1.587500E+04,  2.909977E-04,  6.319520E-12,  0.000000E+00,  0.000000E+00
  1.592500E+04,  2.948494E-04,  6.403169E-12,  0.000000E+00,  0.000000E+00
  1.597500E+04,  2.946631E-04,  6.399121E-12,  0.000000E+00,  0.000000E+00
  1.605000E+04,  2.873231E-04,  6.239721E-12,  0.000000E+00,  0.000000E+00
  1.615000E+04,  2.754595E-04,  5.982083E-12,  0.000000E+00,  0.000000E+00
  1.625000E+04,  2.772605E-04,  6.021195E-12,  0.000000E+00,  0.000000E+00
  1.635000E+04,  2.672968E-04,  5.804814E-12,  0.000000E+00,  0.000000E+00
  1.645000E+04,  2.556427E-04,  5.551725E-12,  0.000000E+00,  0.000000E+00
  1.655000E+04,  2.591542E-04,  5.627985E-12,  0.000000E+00,  0.000000E+00
  1.665000E+04,  2.534071E-04,  5.503177E-12,  0.000000E+00,  0.000000E+00
  1.675000E+04,  2.433661E-04,  5.285119E-12,  0.000000E+00,  0.000000E+00
  1.685000E+04,  2.325198E-04,  5.049572E-12,  0.000000E+00,  0.000000E+00
  1.695000E+04,  2.363606E-04,  5.132982E-12,  0.000000E+00,  0.000000E+00
  1.705000E+04,  2.304875E-04,  5.005438E-12,  0.000000E+00,  0.000000E+00
  1.715000E+04,  2.262544E-04,  4.913509E-12,  0.000000E+00,  0.000000E+00
  1.725000E+04,  2.208300E-04,  4.795708E-12,  0.000000E+00,  0.000000E+00
  1.735000E+04,  2.054375E-04,  4.461434E-12,  0.000000E+00,  0.000000E+00
  1.745000E+04,  2.101309E-04,  4.563359E-12,  0.000000E+00,  0.000000E+00
  1.755000E+04,  2.071502E-04,  4.498628E-12,  0.000000E+00,  0.000000E+00
  1.765000E+04,  2.027133E-04,  4.402272E-12,  0.000000E+00,  0.000000E+00
  1.775000E+04,  1.982747E-04,  4.305881E-12,  0.000000E+00,  0.000000E+00
  1.785000E+04,  1.940776E-04,  4.214734E-12,  0.000000E+00,  0.000000E+00
  1.795000E+04,  1.900387E-04,  4.127021E-12,  0.000000E+00,  0.000000E+00
  1.805000E+04,  1.854642E-04,  4.027678E-12,  0.000000E+00,  0.000000E+00
  1.815000E+04,  1.734188E-04,  3.766092E-12,  0.000000E+00,  0.000000E+00
  1.825000E+04,  1.759696E-04,  3.821486E-12,  0.000000E+00,  0.000000E+00
  1.835000E+04,  1.745138E-04,  3.789872E-12,  0.000000E+00,  0.000000E+00
  1.845000E+04,  1.709627E-04,  3.712752E-12,  0.000000E+00,  0.000000E+00
  1.855000E+04,  1.672650E-04,  3.632450E-12,  0.000000E+00,  0.000000E+00
  1.865000E+04,  1.627612E-04,  3.534642E-12,  0.000000E+00,  0.000000E+00
  1.875000E+04,  1.529138E-04,  3.320788E-12,  0.000000E+00,  0.000000E+00
  1.885000E+04,  1.569925E-04,  3.409366E-12,  0.000000E+00,  0.000000E+00
  1.895000E+04,  1.542387E-04,  3.349563E-12,  0.000000E+00,  0.000000E+00
  1.905000E+04,  1.507972E-04,  3.274824E-12,  0.000000E+00,  0.000000E+00
  1.915000E+04,  1.481701E-04,  3.217772E-12,  0.000000E+00,  0.000000E+00
  1.925000E+04,  1.452379E-04,  3.154094E-12,  0.000000E+00,  0.000000E+00
  1.935000E+04,  1.417776E-04,  3.078946E-12,  0.000000E+00,  0.000000E+00
  1.945000E+04,  1.321270E-04,  2.869367E-12,  0.000000E+00,  0.000000E+00
  1.955000E+04,  1.361471E-04,  2.956672E-12,  0.000000E+00,  0.000000E+00
  1.965000E+04,  1.341923E-04,  2.914219E-12,  0.000000E+00,  0.000000E+00
  1.975000E+04,  1.315908E-04,  2.857723E-12,  0.000000E+00,  0.000000E+00
  1.985000E+04,  1.290587E-04,  2.802733E-12,  0.000000E+00,  0.000000E+00
  1.995000E+04,  1.265836E-04,  2.748983E-12,  0.000000E+00,  0.000000E+00
  2.005000E+04,  1.241678E-04,  2.696520E-12,  0.000000E+00,  0.000000E+00
  2.015000E+04,  1.218101E-04,  2.645318E-12,  0.000000E+00,  0.000000E+00
  2.025000E+04,  1.195051E-04,  2.595260E-12,  0.000000E+00,  0.000000E+00
  2.035000E+04,  1.172563E-04,  2.546425E-12,  0.000000E+00,  0.000000E+00
  2.045000E+04,  1.150386E-04,  2.498264E-12,  0.000000E+00,  0.000000E+00
  2.055000E+04,  1.127257E-04,  2.448035E-12,  0.000000E+00,  0.000000E+00
  2.065000E+04,  1.108211E-04,  2.406673E-12,  0.000000E+00,  0.000000E+00
  2.075000E+04,  1.087745E-04,  2.362227E-12,  0.000000E+00,  0.000000E+00
  2.085000E+04,  1.067774E-04,  2.318856E-12,  0.000000E+00,  0.000000E+00
  2.095000E+04,  1.048094E-04,  2.276119E-12,  0.000000E+00,  0.000000E+00
  2.105000E+04,  1.029104E-04,  2.234880E-12,  0.000000E+00,  0.000000E+00
  2.115000E+04,  1.007842E-04,  2.188704E-12,  0.000000E+00,  0.000000E+00
  2.125000E+04,  9.921123E-05,  2.154545E-12,  0.000000E+00,  0.000000E+00
  2.135000E+04,  9.740392E-05,  2.115296E-12,  0.000000E+00,  0.000000E+00
  2.145000E+04,  9.565825E-05,  2.077385E-12,  0.000000E+00,  0.000000E+00
  2.155000E+04,  9.365724E-05,  2.033930E-12,  0.000000E+00,  0.000000E+00
  2.165000E+04,  8.750395E-05,  1.900301E-12,  0.000000E+00,  0.000000E+00
  2.175000E+04,  9.008066E-05,  1.956258E-12,  0.000000E+00,  0.000000E+00
  2.185000E+04,  8.906459E-05,  1.934193E-12,  0.000000E+00,  0.000000E+00
  2.195000E+04,  8.751837E-05,  1.900614E-12,  0.000000E+00,  0.000000E+00
  2.205000E+04,  8.601778E-05,  1.868026E-12,  0.000000E+00,  0.000000E+00
  2.215000E+04,  8.452514E-05,  1.835611E-12,  0.000000E+00,  0.000000E+00
  2.225000E+04,  8.305799E-05,  1.803749E-12,  0.000000E+00,  0.000000E+00
  2.235000E+04,  8.164135E-05,  1.772984E-12,  0.000000E+00,  0.000000E+00
  2.245000E+04,  8.023952E-05,  1.742541E-12,  0.000000E+00,  0.000000E+00
  2.255000E+04,  7.887369E-05,  1.712879E-12,  0.000000E+00,  0.000000E+00
  2.265000E+04,  7.753577E-05,  1.683824E-12,  0.000000E+00,  0.000000E+00
  2.275000E+04,  7.622346E-05,  1.655325E-12,  0.000000E+00,  0.000000E+00
  2.285000E+04,  7.494709E-05,  1.627606E-12,  0.000000E+00,  0.000000E+00
  2.295000E+04,  7.369419E-05,  1.600398E-12,  0.000000E+00,  0.000000E+00
  2.305000E+04,  7.246045E-05,  1.573605E-12,  0.000000E+00,  0.000000E+00
  2.315000E+04,  7.126759E-05,  1.547700E-12,  0.000000E+00,  0.000000E+00
  2.325000E+04,  7.009279E-05,  1.522187E-12,  0.000000E+00,  0.000000E+00
  2.335000E+04,  6.893695E-05,  1.497086E-12,  0.000000E+00,  0.000000E+00
  2.345000E+04,  6.781338E-05,  1.472686E-12,  0.000000E+00,  0.000000E+00
  2.355000E+04,  6.670374E-05,  1.448588E-12,  0.000000E+00,  0.000000E+00
  2.365000E+04,  6.561745E-05,  1.424997E-12,  0.000000E+00,  0.000000E+00
  2.375000E+04,  6.455949E-05,  1.402022E-12,  0.000000E+00,  0.000000E+00
  2.385000E+04,  6.352095E-05,  1.379468E-12,  0.000000E+00,  0.000000E+00
  2.395000E+04,  6.249045E-05,  1.357089E-12,  0.000000E+00,  0.000000E+00
  2.405000E+04,  6.148208E-05,  1.335190E-12,  0.000000E+00,  0.000000E+00
  2.415000E+04,  6.049218E-05,  1.313693E-12,  0.000000E+00,  0.000000E+00
  2.425000E+04,  5.955103E-05,  1.293254E-12,  0.000000E+00,  0.000000E+00
  2.435000E+04,  5.859620E-05,  1.272518E-12,  0.000000E+00,  0.000000E+00
  2.445000E+04,  5.765483E-05,  1.252075E-12,  0.000000E+00,  0.000000E+00
  2.455000E+04,  5.677522E-05,  1.232973E-12,  0.000000E+00,  0.000000E+00
  2.465000E+04,  5.585140E-05,  1.212910E-12,  0.000000E+00,  0.000000E+00
  2.475000E+04,  5.493156E-05,  1.192934E-12,  0.000000E+00,  0.000000E+00
  2.485000E+04,  5.419059E-05,  1.176843E-12,  0.000000E+00,  0.000000E+00
  2.495000E+04,  5.315910E-05,  1.154442E-12,  0.000000E+00,  0.000000E+00
  2.505000E+04,  5.253926E-05,  1.140981E-12,  0.000000E+00,  0.000000E+00
  2.515000E+04,  5.173915E-05,  1.123606E-12,  0.000000E+00,  0.000000E+00
  2.525000E+04,  5.061793E-05,  1.099257E-12,  0.000000E+00,  0.000000E+00
  2.535000E+04,  5.013893E-05,  1.088854E-12,  0.000000E+00,  0.000000E+00
  2.545000E+04,  4.947572E-05,  1.074451E-12,  0.000000E+00,  0.000000E+00
  2.555000E+04,  4.861250E-05,  1.055705E-12,  0.000000E+00,  0.000000E+00
  2.565000E+04,  4.739720E-05,  1.029313E-12,  0.000000E+00,  0.000000E+00
  2.575000E+04,  4.720767E-05,  1.025197E-12,  0.000000E+00,  0.000000E+00
  2.585000E+04,  4.659914E-05,  1.011981E-12,  0.000000E+00,  0.000000E+00
  2.595000E+04,  4.589048E-05,  9.965917E-13,  0.000000E+00,  0.000000E+00
  2.605000E+04,  4.494055E-05,  9.759622E-13,  0.000000E+00,  0.000000E+00
  2.615000E+04,  4.352285E-05,  9.451744E-13,  0.000000E+00,  0.000000E+00
  2.625000E+04,  4.165874E-05,  9.046920E-13,  0.000000E+00,  0.000000E+00
  2.635000E+04,  4.298533E-05,  9.335012E-13,  0.000000E+00,  0.000000E+00
  2.645000E+04,  4.263080E-05,  9.258021E-13,  0.000000E+00,  0.000000E+00
  2.655000E+04,  4.200586E-05,  9.122303E-13,  0.000000E+00,  0.000000E+00
  2.665000E+04,  4.124472E-05,  8.957008E-13,  0.000000E+00,  0.000000E+00
  2.675000E+04,  3.958632E-05,  8.596859E-13,  0.000000E+00,  0.000000E+00
  2.685000E+04,  4.004494E-05,  8.696456E-13,  0.000000E+00,  0.000000E+00
  2.695000E+04,  3.972056E-05,  8.626012E-13,  0.000000E+00,  0.000000E+00
  2.705000E+04,  3.917000E-05,  8.506447E-13,  0.000000E+00,  0.000000E+00
  2.715000E+04,  3.861040E-05,  8.384920E-13,  0.000000E+00,  0.000000E+00
  2.725000E+04,  3.806013E-05,  8.265420E-13,  0.000000E+00,  0.000000E+00
  2.735000E+04,  3.752230E-05,  8.148620E-13,  0.000000E+00,  0.000000E+00
  2.745000E+04,  3.686344E-05,  8.005537E-13,  0.000000E+00,  0.000000E+00
  2.755000E+04,  3.522304E-05,  7.649295E-13,  0.000000E+00,  0.000000E+00
  2.765000E+04,  3.539271E-05,  7.686143E-13,  0.000000E+00,  0.000000E+00
  2.775000E+04,  3.541192E-05,  7.690315E-13,  0.000000E+00,  0.000000E+00
  2.785000E+04,  3.496396E-05,  7.593032E-13,  0.000000E+00,  0.000000E+00
  2.795000E+04,  3.447963E-05,  7.487853E-13,  0.000000E+00,  0.000000E+00
  2.805000E+04,  3.400210E-05,  7.384148E-13,  0.000000E+00,  0.000000E+00
  2.815000E+04,  3.353290E-05,  7.282254E-13,  0.000000E+00,  0.000000E+00
  2.825000E+04,  3.307043E-05,  7.181819E-13,  0.000000E+00,  0.000000E+00
  2.835000E+04,  3.261296E-05,  7.082473E-13,  0.000000E+00,  0.000000E+00
  2.845000E+04,  3.217439E-05,  6.987230E-13,  0.000000E+00,  0.000000E+00
  2.855000E+04,  3.169919E-05,  6.884032E-13,  0.000000E+00,  0.000000E+00
  2.865000E+04,  3.093673E-05,  6.718450E-13,  0.000000E+00,  0.000000E+00
  2.875000E+04,  2.958370E-05,  6.424616E-13,  0.000000E+00,  0.000000E+00
  2.885000E+04,  3.032428E-05,  6.585446E-13,  0.000000E+00,  0.000000E+00
  2.895000E+04,  3.004734E-05,  6.525302E-13,  0.000000E+00,  0.000000E+00
  2.905000E+04,  2.965928E-05,  6.441028E-13,  0.000000E+00,  0.000000E+00
  2.915000E+04,  2.926298E-05,  6.354966E-13,  0.000000E+00,  0.000000E+00
  2.925000E+04,  2.887532E-05,  6.270779E-13,  0.000000E+00,  0.000000E+00
  2.935000E+04,  2.849137E-05,  6.187397E-13,  0.000000E+00,  0.000000E+00
  2.945000E+04,  2.811619E-05,  6.105920E-13,  0.000000E+00,  0.000000E+00
  2.955000E+04,  2.774768E-05,  6.025893E-13,  0.000000E+00,  0.000000E+00
  2.965000E+04,  2.738385E-05,  5.946880E-13,  0.000000E+00,  0.000000E+00
  2.975000E+04,  2.702619E-05,  5.869208E-13,  0.000000E+00,  0.000000E+00
  2.985000E+04,  2.667437E-05,  5.792805E-13,  0.000000E+00,  0.000000E+00
  2.995000E+04,  2.632830E-05,  5.717648E-13,  0.000000E+00,  0.000000E+00
  3.005000E+04,  2.598701E-05,  5.643532E-13,  0.000000E+00,  0.000000E+00
  3.015000E+04,  2.564999E-05,  5.570341E-13,  0.000000E+00,  0.000000E+00
  3.025000E+04,  2.524494E-05,  5.482378E-13,  0.000000E+00,  0.000000E+00
  3.035000E+04,  2.408992E-05,  5.231546E-13,  0.000000E+00,  0.000000E+00
  3.045000E+04,  2.412916E-05,  5.240068E-13,  0.000000E+00,  0.000000E+00
  3.055000E+04,  2.430887E-05,  5.279094E-13,  0.000000E+00,  0.000000E+00
  3.065000E+04,  2.405518E-05,  5.224002E-13,  0.000000E+00,  0.000000E+00
  3.075000E+04,  2.374888E-05,  5.157483E-13,  0.000000E+00,  0.000000E+00
  3.085000E+04,  2.343636E-05,  5.089614E-13,  0.000000E+00,  0.000000E+00
  3.095000E+04,  2.315661E-05,  5.028862E-13,  0.000000E+00,  0.000000E+00
  3.105000E+04,  2.286648E-05,  4.965855E-13,  0.000000E+00,  0.000000E+00
  3.115000E+04,  2.258066E-05,  4.903782E-13,  0.000000E+00,  0.000000E+00
  3.125000E+04,  2.229854E-05,  4.842517E-13,  0.000000E+00,  0.000000E+00
  3.135000E+04,  2.202289E-05,  4.782655E-13,  0.000000E+00,  0.000000E+00
  3.145000E+04,  2.175009E-05,  4.723410E-13,  0.000000E+00,  0.000000E+00
  3.155000E+04,  2.148195E-05,  4.665178E-13,  0.000000E+00,  0.000000E+00
  3.165000E+04,  2.121652E-05,  4.607536E-13,  0.000000E+00,  0.000000E+00
  3.175000E+04,  2.095734E-05,  4.551250E-13,  0.000000E+00,  0.000000E+00
  3.185000E+04,  2.070144E-05,  4.495678E-13,  0.000000E+00,  0.000000E+00
  3.195000E+04,  2.044879E-05,  4.440812E-13,  0.000000E+00,  0.000000E+00
  3.210000E+04,  2.007772E-05,  4.360227E-13,  0.000000E+00,  0.000000E+00
  3.230000E+04,  1.959567E-05,  4.255541E-13,  0.000000E+00,  0.000000E+00
  3.250000E+04,  1.912785E-05,  4.153945E-13,  0.000000E+00,  0.000000E+00
  3.270000E+04,  1.866611E-05,  4.053670E-13,  0.000000E+00,  0.000000E+00
  3.290000E+04,  1.768460E-05,  3.840519E-13,  0.000000E+00,  0.000000E+00
  3.310000E+04,  1.766144E-05,  3.835490E-13,  0.000000E+00,  0.000000E+00
  3.330000E+04,  1.736549E-05,  3.771219E-13,  0.000000E+00,  0.000000E+00
  3.350000E+04,  1.697102E-05,  3.685553E-13,  0.000000E+00,  0.000000E+00
  3.370000E+04,  1.658116E-05,  3.600888E-13,  0.000000E+00,  0.000000E+00
  3.390000E+04,  1.620263E-05,  3.518682E-13,  0.000000E+00,  0.000000E+00
  3.410000E+04,  1.583446E-05,  3.438729E-13,  0.000000E+00,  0.000000E+00
  3.430000E+04,  1.547620E-05,  3.360925E-13,  0.000000E+00,  0.000000E+00
  3.450000E+04,  1.512864E-05,  3.285448E-13,  0.000000E+00,  0.000000E+00
  3.470000E+04,  1.478965E-05,  3.211830E-13,  0.000000E+00,  0.000000E+00
  3.490000E+04,  1.446029E-05,  3.140304E-13,  0.000000E+00,  0.000000E+00
  3.510000E+04,  1.414117E-05,  3.071002E-13,  0.000000E+00,  0.000000E+00
  3.530000E+04,  1.382963E-05,  3.003346E-13,  0.000000E+00,  0.000000E+00
  3.550000E+04,  1.352671E-05,  2.937561E-13,  0.000000E+00,  0.000000E+00
  3.570000E+04,  1.323116E-05,  2.873377E-13,  0.000000E+00,  0.000000E+00
  3.590000E+04,  1.294673E-05,  2.811607E-13,  0.000000E+00,  0.000000E+00
  3.610000E+04,  1.266393E-05,  2.750192E-13,  0.000000E+00,  0.000000E+00
  3.630000E+04,  1.239683E-05,  2.692188E-13,  0.000000E+00,  0.000000E+00
  3.650000E+04,  1.212536E-05,  2.633232E-13,  0.000000E+00,  0.000000E+00
  3.670000E+04,  1.187680E-05,  2.579255E-13,  0.000000E+00,  0.000000E+00
  3.690000E+04,  1.160964E-05,  2.521235E-13,  0.000000E+00,  0.000000E+00
  3.710000E+04,  1.136782E-05,  2.468721E-13,  0.000000E+00,  0.000000E+00
  3.730000E+04,  1.098587E-05,  2.385772E-13,  0.000000E+00,  0.000000E+00
  3.750000E+04,  1.067058E-05,  2.317301E-13,  0.000000E+00,  0.000000E+00
  3.770000E+04,  1.068386E-05,  2.320186E-13,  0.000000E+00,  0.000000E+00
  3.790000E+04,  1.047251E-05,  2.274288E-13,  0.000000E+00,  0.000000E+00
  3.810000E+04,  1.023030E-05,  2.221687E-13,  0.000000E+00,  0.000000E+00
  3.830000E+04,  1.002716E-05,  2.177572E-13,  0.000000E+00,  0.000000E+00
  3.850000E+04,  9.864796E-06,  2.142312E-13,  0.000000E+00,  0.000000E+00
  3.870000E+04,  9.668093E-06,  2.099595E-13,  0.000000E+00,  0.000000E+00
  3.890000E+04,  9.448434E-06,  2.051892E-13,  0.000000E+00,  0.000000E+00
  3.910000E+04,  9.200355E-06,  1.998017E-13,  0.000000E+00,  0.000000E+00
  3.930000E+04,  9.090117E-06,  1.974077E-13,  0.000000E+00,  0.000000E+00
  3.950000E+04,  8.917471E-06,  1.936584E-13,  0.000000E+00,  0.000000E+00
  3.970000E+04,  8.744989E-06,  1.899127E-13,  0.000000E+00,  0.000000E+00
  3.990000E+04,  8.573244E-06,  1.861829E-13,  0.000000E+00,  0.000000E+00
  4.010000E+04,  8.344175E-06,  1.812083E-13,  0.000000E+00,  0.000000E+00
  4.030000E+04,  8.149189E-06,  1.769738E-13,  0.000000E+00,  0.000000E+00
  4.050000E+04,  7.861707E-06,  1.707307E-13,  0.000000E+00,  0.000000E+00
  4.070000E+04,  7.917130E-06,  1.719343E-13,  0.000000E+00,  0.000000E+00
  4.090000E+04,  7.778283E-06,  1.689190E-13,  0.000000E+00,  0.000000E+00
  4.110000E+04,  7.630277E-06,  1.657048E-13,  0.000000E+00,  0.000000E+00
  4.130000E+04,  7.482721E-06,  1.625003E-13,  0.000000E+00,  0.000000E+00
  4.150000E+04,  7.331552E-06,  1.592174E-13,  0.000000E+00,  0.000000E+00
  4.170000E+04,  7.064041E-06,  1.534079E-13,  0.000000E+00,  0.000000E+00
  4.190000E+04,  7.055525E-06,  1.532230E-13,  0.000000E+00,  0.000000E+00
  4.210000E+04,  6.941021E-06,  1.507364E-13,  0.000000E+00,  0.000000E+00
  4.230000E+04,  6.812655E-06,  1.479487E-13,  0.000000E+00,  0.000000E+00
  4.250000E+04,  6.685868E-06,  1.451953E-13,  0.000000E+00,  0.000000E+00
  4.270000E+04,  6.564615E-06,  1.425620E-13,  0.000000E+00,  0.000000E+00
  4.290000E+04,  6.439069E-06,  1.398356E-13,  0.000000E+00,  0.000000E+00
  4.310000E+04,  6.327704E-06,  1.374171E-13,  0.000000E+00,  0.000000E+00
  4.330000E+04,  6.213395E-06,  1.349347E-13,  0.000000E+00,  0.000000E+00
  4.350000E+04,  6.096607E-06,  1.323984E-13,  0.000000E+00,  0.000000E+00
  4.370000E+04,  5.862678E-06,  1.273183E-13,  0.000000E+00,  0.000000E+00
  4.390000E+04,  5.841090E-06,  1.268494E-13,  0.000000E+00,  0.000000E+00
  4.410000E+04,  5.780571E-06,  1.255352E-13,  0.000000E+00,  0.000000E+00
  4.430000E+04,  5.678416E-06,  1.233167E-13,  0.000000E+00,  0.000000E+00
  4.450000E+04,  5.578412E-06,  1.211449E-13,  0.000000E+00,  0.000000E+00
  4.470000E+04,  5.489087E-06,  1.192051E-13,  0.000000E+00,  0.000000E+00
  4.490000E+04,  5.393228E-06,  1.171233E-13,  0.000000E+00,  0.000000E+00
  4.510000E+04,  5.299515E-06,  1.150882E-13,  0.000000E+00,  0.000000E+00
  4.530000E+04,  5.206545E-06,  1.130692E-13,  0.000000E+00,  0.000000E+00
  4.550000E+04,  5.117574E-06,  1.111370E-13,  0.000000E+00,  0.000000E+00
  4.570000E+04,  5.029808E-06,  1.092310E-13,  0.000000E+00,  0.000000E+00
  4.590000E+04,  4.944119E-06,  1.073701E-13,  0.000000E+00,  0.000000E+00
  4.610000E+04,  4.852914E-06,  1.053895E-13,  0.000000E+00,  0.000000E+00
  4.630000E+04,  4.760677E-06,  1.033864E-13,  0.000000E+00,  0.000000E+00
  4.650000E+04,  4.531208E-06,  9.840307E-14,  0.000000E+00,  0.000000E+00
  4.670000E+04,  4.471779E-06,  9.711246E-14,  0.000000E+00,  0.000000E+00
  4.690000E+04,  4.510388E-06,  9.795093E-14,  0.000000E+00,  0.000000E+00
  4.710000E+04,  4.456736E-06,  9.678578E-14,  0.000000E+00,  0.000000E+00
  4.730000E+04,  4.391251E-06,  9.536366E-14,  0.000000E+00,  0.000000E+00
  4.750000E+04,  4.317386E-06,  9.375955E-14,  0.000000E+00,  0.000000E+00
  4.770000E+04,  4.247168E-06,  9.223465E-14,  0.000000E+00,  0.000000E+00
  4.790000E+04,  4.177835E-06,  9.072895E-14,  0.000000E+00,  0.000000E+00
  4.810000E+04,  4.109617E-06,  8.924749E-14,  0.000000E+00,  0.000000E+00
  4.830000E+04,  4.042866E-06,  8.779787E-14,  0.000000E+00,  0.000000E+00
  4.850000E+04,  3.977320E-06,  8.637443E-14,  0.000000E+00,  0.000000E+00
  4.870000E+04,  3.913244E-06,  8.498290E-14,  0.000000E+00,  0.000000E+00
  4.890000E+04,  3.850338E-06,  8.361678E-14,  0.000000E+00,  0.000000E+00
  4.910000E+04,  3.788713E-06,  8.227850E-14,  0.000000E+00,  0.000000E+00
  4.930000E+04,  3.728345E-06,  8.096749E-14,  0.000000E+00,  0.000000E+00
  4.950000E+04,  3.669150E-06,  7.968198E-14,  0.000000E+00,  0.000000E+00
  4.970000E+04,  3.611105E-06,  7.842144E-14,  0.000000E+00,  0.000000E+00
  4.990000E+04,  3.554235E-06,  7.718639E-14,  0.000000E+00,  0.000000E+00
  5.010000E+04,  3.498224E-06,  7.597001E-14,  0.000000E+00,  0.000000E+00
  5.030000E+04,  3.443467E-06,  7.478088E-14,  0.000000E+00,  0.000000E+00
  5.050000E+04,  3.390167E-06,  7.362337E-14,  0.000000E+00,  0.000000E+00
  5.070000E+04,  3.337564E-06,  7.248101E-14,  0.000000E+00,  0.000000E+00
  5.090000E+04,  3.279462E-06,  7.121923E-14,  0.000000E+00,  0.000000E+00
  5.110000E+04,  3.217893E-06,  6.988215E-14,  0.000000E+00,  0.000000E+00
  5.130000E+04,  3.079912E-06,  6.688565E-14,  0.000000E+00,  0.000000E+00
  5.150000E+04,  3.123946E-06,  6.784193E-14,  0.000000E+00,  0.000000E+00
  5.170000E+04,  3.081670E-06,  6.692382E-14,  0.000000E+00,  0.000000E+00
  5.190000E+04,  3.042519E-06,  6.607360E-14,  0.000000E+00,  0.000000E+00
  5.210000E+04,  2.996637E-06,  6.507720E-14,  0.000000E+00,  0.000000E+00
  5.230000E+04,  2.951506E-06,  6.409709E-14,  0.000000E+00,  0.000000E+00
  5.250000E+04,  2.905117E-06,  6.308968E-14,  0.000000E+00,  0.000000E+00
  5.270000E+04,  2.858230E-06,  6.207144E-14,  0.000000E+00,  0.000000E+00
  5.290000E+04,  2.821284E-06,  6.126908E-14,  0.000000E+00,  0.000000E+00
  5.310000E+04,  2.779501E-06,  6.036171E-14,  0.000000E+00,  0.000000E+00
  5.330000E+04,  2.738402E-06,  5.946916E-14,  0.000000E+00,  0.000000E+00
  5.350000E+04,  2.698118E-06,  5.859432E-14,  0.000000E+00,  0.000000E+00
  5.370000E+04,  2.652485E-06,  5.760333E-14,  0.000000E+00,  0.000000E+00
  5.390000E+04,  2.613789E-06,  5.676298E-14,  0.000000E+00,  0.000000E+00
  5.410000E+04,  2.581551E-06,  5.606288E-14,  0.000000E+00,  0.000000E+00
  5.430000E+04,  2.544106E-06,  5.524969E-14,  0.000000E+00,  0.000000E+00
  5.450000E+04,  2.507375E-06,  5.445201E-14,  0.000000E+00,  0.000000E+00
  5.470000E+04,  2.471288E-06,  5.366832E-14,  0.000000E+00,  0.000000E+00
  5.490000E+04,  2.435780E-06,  5.289720E-14,  0.000000E+00,  0.000000E+00
  5.510000E+04,  2.396424E-06,  5.204251E-14,  0.000000E+00,  0.000000E+00
  5.530000E+04,  2.354988E-06,  5.114266E-14,  0.000000E+00,  0.000000E+00
  5.550000E+04,  2.332515E-06,  5.065463E-14,  0.000000E+00,  0.000000E+00
  5.570000E+04,  2.300156E-06,  4.995190E-14,  0.000000E+00,  0.000000E+00
  5.590000E+04,  2.267703E-06,  4.924713E-14,  0.000000E+00,  0.000000E+00
  5.610000E+04,  2.235832E-06,  4.855499E-14,  0.000000E+00,  0.000000E+00
  5.630000E+04,  2.204564E-06,  4.787594E-14,  0.000000E+00,  0.000000E+00
  5.650000E+04,  2.173847E-06,  4.720886E-14,  0.000000E+00,  0.000000E+00
  5.670000E+04,  2.143588E-06,  4.655174E-14,  0.000000E+00,  0.000000E+00
  5.690000E+04,  2.111161E-06,  4.584753E-14,  0.000000E+00,  0.000000E+00
  5.710000E+04,  2.067107E-06,  4.489082E-14,  0.000000E+00,  0.000000E+00
  5.730000E+04,  2.051914E-06,  4.456089E-14,  0.000000E+00,  0.000000E+00
  5.750000E+04,  2.027803E-06,  4.403726E-14,  0.000000E+00,  0.000000E+00
  5.770000E+04,  2.000082E-06,  4.343526E-14,  0.000000E+00,  0.000000E+00
  5.790000E+04,  1.972813E-06,  4.284307E-14,  0.000000E+00,  0.000000E+00
  5.810000E+04,  1.946079E-06,  4.226249E-14,  0.000000E+00,  0.000000E+00
  5.830000E+04,  1.919697E-06,  4.168956E-14,  0.000000E+00,  0.000000E+00
  5.850000E+04,  1.895530E-06,  4.116473E-14,  0.000000E+00,  0.000000E+00
  5.870000E+04,  1.867796E-06,  4.056245E-14,  0.000000E+00,  0.000000E+00
  5.890000E+04,  1.833314E-06,  3.981361E-14,  0.000000E+00,  0.000000E+00
  5.910000E+04,  1.752896E-06,  3.806719E-14,  0.000000E+00,  0.000000E+00
  5.930000E+04,  1.786178E-06,  3.878996E-14,  0.000000E+00,  0.000000E+00
  5.950000E+04,  1.748981E-06,  3.798216E-14,  0.000000E+00,  0.000000E+00
  5.970000E+04,  1.736477E-06,  3.771062E-14,  0.000000E+00,  0.000000E+00
  5.990000E+04,  1.723483E-06,  3.742843E-14,  0.000000E+00,  0.000000E+00
  6.010000E+04,  1.703155E-06,  3.698697E-14,  0.000000E+00,  0.000000E+00
  6.030000E+04,  1.680875E-06,  3.650312E-14,  0.000000E+00,  0.000000E+00
  6.050000E+04,  1.658970E-06,  3.602741E-14,  0.000000E+00,  0.000000E+00
  6.070000E+04,  1.637340E-06,  3.555768E-14,  0.000000E+00,  0.000000E+00
  6.090000E+04,  1.616144E-06,  3.509738E-14,  0.000000E+00,  0.000000E+00
  6.110000E+04,  1.595257E-06,  3.464379E-14,  0.000000E+00,  0.000000E+00
  6.130000E+04,  1.574718E-06,  3.419775E-14,  0.000000E+00,  0.000000E+00
  6.150000E+04,  1.554479E-06,  3.375821E-14,  0.000000E+00,  0.000000E+00
  6.170000E+04,  1.534576E-06,  3.332599E-14,  0.000000E+00,  0.000000E+00
  6.190000E+04,  1.514992E-06,  3.290068E-14,  0.000000E+00,  0.000000E+00
  6.210000E+04,  1.495744E-06,  3.248268E-14,  0.000000E+00,  0.000000E+00
  6.230000E+04,  1.476734E-06,  3.206985E-14,  0.000000E+00,  0.000000E+00
  6.250000E+04,  1.457759E-06,  3.165777E-14,  0.000000E+00,  0.000000E+00
  6.270000E+04,  1.433721E-06,  3.113576E-14,  0.000000E+00,  0.000000E+00
  6.290000E+04,  1.390677E-06,  3.020097E-14,  0.000000E+00,  0.000000E+00
  6.310000E+04,  1.395718E-06,  3.031045E-14,  0.000000E+00,  0.000000E+00
  6.330000E+04,  1.385261E-06,  3.008335E-14,  0.000000E+00,  0.000000E+00
  6.350000E+04,  1.368996E-06,  2.973013E-14,  0.000000E+00,  0.000000E+00
  6.370000E+04,  1.352034E-06,  2.936178E-14,  0.000000E+00,  0.000000E+00
  6.390000E+04,  1.335312E-06,  2.899863E-14,  0.000000E+00,  0.000000E+00
  6.420000E+04,  1.310716E-06,  2.846447E-14,  0.000000E+00,  0.000000E+00
  6.460000E+04,  1.278764E-06,  2.777059E-14,  0.000000E+00,  0.000000E+00
  6.500000E+04,  1.247813E-06,  2.709843E-14,  0.000000E+00,  0.000000E+00
  6.540000E+04,  1.217770E-06,  2.644600E-14,  0.000000E+00,  0.000000E+00
  6.580000E+04,  1.188632E-06,  2.581322E-14,  0.000000E+00,  0.000000E+00
  6.620000E+04,  1.160258E-06,  2.519702E-14,  0.000000E+00,  0.000000E+00
  6.660000E+04,  1.132904E-06,  2.460298E-14,  0.000000E+00,  0.000000E+00
  6.700000E+04,  1.106254E-06,  2.402423E-14,  0.000000E+00,  0.000000E+00
  6.740000E+04,  1.077381E-06,  2.339721E-14,  0.000000E+00,  0.000000E+00
  6.780000E+04,  1.037114E-06,  2.252273E-14,  0.000000E+00,  0.000000E+00
  6.820000E+04,  1.030126E-06,  2.237098E-14,  0.000000E+00,  0.000000E+00
  6.860000E+04,  1.007131E-06,  2.187160E-14,  0.000000E+00,  0.000000E+00
  6.900000E+04,  9.842013E-07,  2.137364E-14,  0.000000E+00,  0.000000E+00
  6.940000E+04,  9.617540E-07,  2.088616E-14,  0.000000E+00,  0.000000E+00
  6.980000E+04,  9.401111E-07,  2.041615E-14,  0.000000E+00,  0.000000E+00
  7.020000E+04,  9.189987E-07,  1.995766E-14,  0.000000E+00,  0.000000E+00
  7.060000E+04,  8.984427E-07,  1.951125E-14,  0.000000E+00,  0.000000E+00
  7.100000E+04,  8.784635E-07,  1.907736E-14,  0.000000E+00,  0.000000E+00
  7.140000E+04,  8.590116E-07,  1.865493E-14,  0.000000E+00,  0.000000E+00
  7.180000E+04,  8.402024E-07,  1.824646E-14,  0.000000E+00,  0.000000E+00
  7.220000E+04,  8.218194E-07,  1.784724E-14,  0.000000E+00,  0.000000E+00
  7.260000E+04,  8.033533E-07,  1.744621E-14,  0.000000E+00,  0.000000E+00
  7.300000E+04,  7.865620E-07,  1.708156E-14,  0.000000E+00,  0.000000E+00
  7.340000E+04,  7.696570E-07,  1.671444E-14,  0.000000E+00,  0.000000E+00
  7.380000E+04,  7.531879E-07,  1.635679E-14,  0.000000E+00,  0.000000E+00
  7.420000E+04,  7.354990E-07,  1.597264E-14,  0.000000E+00,  0.000000E+00
  7.460000E+04,  7.037725E-07,  1.528365E-14,  0.000000E+00,  0.000000E+00
  7.500000E+04,  6.815039E-07,  1.480004E-14,  0.000000E+00,  0.000000E+00
  7.540000E+04,  6.881495E-07,  1.494437E-14,  0.000000E+00,  0.000000E+00
  7.580000E+04,  6.771912E-07,  1.470638E-14,  0.000000E+00,  0.000000E+00
  7.620000E+04,  6.631611E-07,  1.440170E-14,  0.000000E+00,  0.000000E+00
  7.660000E+04,  6.495078E-07,  1.410519E-14,  0.000000E+00,  0.000000E+00
  7.700000E+04,  6.361882E-07,  1.381593E-14,  0.000000E+00,  0.000000E+00
  7.740000E+04,  6.230216E-07,  1.353000E-14,  0.000000E+00,  0.000000E+00
  7.780000E+04,  6.079413E-07,  1.320250E-14,  0.000000E+00,  0.000000E+00
  7.820000E+04,  5.980156E-07,  1.298695E-14,  0.000000E+00,  0.000000E+00
  7.860000E+04,  5.861519E-07,  1.272931E-14,  0.000000E+00,  0.000000E+00
  7.900000E+04,  5.744409E-07,  1.247498E-14,  0.000000E+00,  0.000000E+00
  7.940000E+04,  5.629966E-07,  1.222645E-14,  0.000000E+00,  0.000000E+00
  7.980000E+04,  5.518554E-07,  1.198450E-14,  0.000000E+00,  0.000000E+00
  8.020000E+04,  5.409730E-07,  1.174817E-14,  0.000000E+00,  0.000000E+00
  8.060000E+04,  5.303551E-07,  1.151758E-14,  0.000000E+00,  0.000000E+00
  8.100000E+04,  5.200032E-07,  1.129277E-14,  0.000000E+00,  0.000000E+00
  8.140000E+04,  5.071974E-07,  1.101467E-14,  0.000000E+00,  0.000000E+00
  8.180000E+04,  4.987366E-07,  1.083093E-14,  0.000000E+00,  0.000000E+00
  8.220000E+04,  4.904327E-07,  1.065060E-14,  0.000000E+00,  0.000000E+00
  8.260000E+04,  4.810336E-07,  1.044648E-14,  0.000000E+00,  0.000000E+00
  8.300000E+04,  4.718720E-07,  1.024752E-14,  0.000000E+00,  0.000000E+00
  8.340000E+04,  4.629231E-07,  1.005318E-14,  0.000000E+00,  0.000000E+00
  8.380000E+04,  4.541740E-07,  9.863180E-15,  0.000000E+00,  0.000000E+00
  8.420000E+04,  4.456295E-07,  9.677619E-15,  0.000000E+00,  0.000000E+00
  8.460000E+04,  4.372995E-07,  9.496719E-15,  0.000000E+00,  0.000000E+00
  8.500000E+04,  4.291629E-07,  9.320020E-15,  0.000000E+00,  0.000000E+00
  8.540000E+04,  4.212116E-07,  9.147344E-15,  0.000000E+00,  0.000000E+00
  8.580000E+04,  4.134240E-07,  8.978221E-15,  0.000000E+00,  0.000000E+00
  8.620000E+04,  4.054987E-07,  8.806110E-15,  0.000000E+00,  0.000000E+00
  8.660000E+04,  3.940958E-07,  8.558477E-15,  0.000000E+00,  0.000000E+00
  8.700000E+04,  3.900370E-07,  8.470332E-15,  0.000000E+00,  0.000000E+00
  8.740000E+04,  3.785683E-07,  8.221270E-15,  0.000000E+00,  0.000000E+00
  8.780000E+04,  3.717790E-07,  8.073829E-15,  0.000000E+00,  0.000000E+00
  8.820000E+04,  3.703612E-07,  8.043037E-15,  0.000000E+00,  0.000000E+00
  8.860000E+04,  3.637342E-07,  7.899122E-15,  0.000000E+00,  0.000000E+00
  8.900000E+04,  3.572813E-07,  7.758984E-15,  0.000000E+00,  0.000000E+00
  8.940000E+04,  3.509411E-07,  7.621297E-15,  0.000000E+00,  0.000000E+00
  8.980000E+04,  3.447523E-07,  7.486895E-15,  0.000000E+00,  0.000000E+00
  9.020000E+04,  3.387082E-07,  7.355638E-15,  0.000000E+00,  0.000000E+00
  9.060000E+04,  3.327685E-07,  7.226648E-15,  0.000000E+00,  0.000000E+00
  9.100000E+04,  3.269704E-07,  7.100732E-15,  0.000000E+00,  0.000000E+00
  9.140000E+04,  3.212990E-07,  6.977567E-15,  0.000000E+00,  0.000000E+00
  9.180000E+04,  3.157451E-07,  6.856955E-15,  0.000000E+00,  0.000000E+00
  9.220000E+04,  3.103266E-07,  6.739281E-15,  0.000000E+00,  0.000000E+00
  9.260000E+04,  3.050037E-07,  6.623686E-15,  0.000000E+00,  0.000000E+00
  9.300000E+04,  2.998088E-07,  6.510869E-15,  0.000000E+00,  0.000000E+00
  9.340000E+04,  2.944461E-07,  6.394409E-15,  0.000000E+00,  0.000000E+00
  9.380000E+04,  2.853233E-07,  6.196292E-15,  0.000000E+00,  0.000000E+00
  9.420000E+04,  2.833241E-07,  6.152876E-15,  0.000000E+00,  0.000000E+00
  9.460000E+04,  2.800768E-07,  6.082354E-15,  0.000000E+00,  0.000000E+00
  9.500000E+04,  2.753995E-07,  5.980779E-15,  0.000000E+00,  0.000000E+00
  9.540000E+04,  2.708194E-07,  5.881315E-15,  0.000000E+00,  0.000000E+00
  9.580000E+04,  2.663371E-07,  5.783975E-15,  0.000000E+00,  0.000000E+00
  9.620000E+04,  2.619446E-07,  5.688584E-15,  0.000000E+00,  0.000000E+00
  9.660000E+04,  2.576425E-07,  5.595156E-15,  0.000000E+00,  0.000000E+00
  9.700000E+04,  2.534252E-07,  5.503570E-15,  0.000000E+00,  0.000000E+00
  9.740000E+04,  2.492975E-07,  5.413929E-15,  0.000000E+00,  0.000000E+00
  9.780000E+04,  2.452509E-07,  5.326051E-15,  0.000000E+00,  0.000000E+00
  9.820000E+04,  2.412749E-07,  5.239704E-15,  0.000000E+00,  0.000000E+00
  9.860000E+04,  2.372242E-07,  5.151737E-15,  0.000000E+00,  0.000000E+00
  9.900000E+04,  2.335922E-07,  5.072862E-15,  0.000000E+00,  0.000000E+00
  9.940000E+04,  2.298625E-07,  4.991864E-15,  0.000000E+00,  0.000000E+00
  9.980000E+04,  2.262057E-07,  4.912451E-15,  0.000000E+00,  0.000000E+00
  1.002000E+05,  2.226218E-07,  4.834620E-15,  0.000000E+00,  0.000000E+00
  2.000000E+05,  1.394262E-08,  3.027883E-16,  0.000000E+00,  0.000000E+00
  4.000000E+05,  8.565797E-10,  1.860212E-17,  0.000000E+00,  0.000000E+00
  6.000000E+05,  1.672659E-10,  3.632471E-18,  0.000000E+00,  0.000000E+00
  8.000000E+05,  5.251145E-11,  1.140378E-18,  0.000000E+00,  0.000000E+00
  1.000000E+06,  2.138622E-11,  4.644390E-19,  0.000000E+00,  0.000000E+00
  1.200000E+06,  1.026756E-11,  2.229780E-19,  0.000000E+00,  0.000000E+00
  1.400000E+06,  5.521624E-12,  1.199117E-19,  0.000000E+00,  0.000000E+00
  1.600000E+06,  3.226411E-12,  7.006713E-20,  0.000000E+00,  0.000000E+00
