wavelengths,fluxes,convolved_flux,filter_wavelengths,filter_trans
  2.524000E+02,  7.688644E-08,  0.000000E+00,  8.459750E+03,  0.000000E+00
  2.568000E+02,  1.024027E-07,  0.000000E+00,  8.460000E+03,  4.909883E-01
  2.600000E+02,  1.655383E-07,  0.000000E+00,  8.460250E+03,  4.912188E-01
  2.640000E+02,  2.638150E-07,  0.000000E+00,  8.460500E+03,  4.914464E-01
  2.685000E+02,  4.014185E-07,  0.000000E+00,  8.460750E+03,  4.916710E-01
  2.735000E+02,  5.286067E-07,  0.000000E+00,  8.461000E+03,  4.918928E-01
  2.785000E+02,  6.157611E-07,  0.000000E+00,  8.461250E+03,  4.921117E-01
  2.840000E+02,  1.264005E-06,  0.000000E+00,  8.461500E+03,  4.923277E-01
  2.900000E+02,  1.756325E-06,  0.000000E+00,  8.461750E+03,  4.925407E-01
  2.960000E+02,  2.184999E-06,  0.000000E+00,  8.462000E+03,  4.927509E-01
  3.010000E+02,  3.483827E-06,  0.000000E+00,  8.462250E+03,  4.929582E-01
  3.080000E+02,  7.092354E-06,  0.000000E+00,  8.462500E+03,  4.931625E-01
  3.180000E+02,  1.521685E-05,  0.000000E+00,  8.462750E+03,  4.933639E-01
  3.280000E+02,  2.096827E-05,  0.000000E+00,  8.463000E+03,  4.935625E-01
  3.380000E+02,  3.662025E-05,  0.000000E+00,  8.463250E+03,  4.937581E-01
  3.480000E+02,  5.391013E-05,  0.000000E+00,  8.463500E+03,  4.939509E-01
  3.570000E+02,  1.025569E-04,  0.000000E+00,  8.463750E+03,  4.941407E-01
  3.660000E+02,  2.187878E-04,  0.000000E+00,  8.464000E+03,  4.943277E-01
  3.750000E+02,  2.448305E-04,  0.000000E+00,  8.464250E+03,  4.945117E-01
  3.850000E+02,  3.420209E-04,  0.000000E+00,  8.464500E+03,  4.946929E-01
  3.950000E+02,  6.470371E-04,  0.000000E+00,  8.464750E+03,  4.948711E-01
  4.050000E+02,  8.098545E-04,  0.000000E+00,  8.465000E+03,  4.950464E-01
  4.140000E+02,  1.005586E-03,  0.000000E+00,  8.465250E+03,  4.952188E-01
  4.220000E+02,  1.070762E-03,  0.000000E+00,  8.465500E+03,  4.953884E-01
  4.300000E+02,  1.109573E-03,  0.000000E+00,  8.465750E+03,  4.955550E-01
  4.410000E+02,  1.305357E-03,  0.000000E+00,  8.466000E+03,  4.957187E-01
  4.510000E+02,  1.422354E-03,  0.000000E+00,  8.466250E+03,  4.958795E-01
  4.600000E+02,  1.385442E-03,  0.000000E+00,  8.466500E+03,  4.960374E-01
  4.700000E+02,  1.569521E-03,  0.000000E+00,  8.466750E+03,  4.961925E-01
  4.800000E+02,  1.786000E-03,  0.000000E+00,  8.467000E+03,  4.963445E-01
  4.900000E+02,  1.708983E-03,  0.000000E+00,  8.467250E+03,  4.964938E-01
  5.000000E+02,  2.143726E-03,  0.000000E+00,  8.467500E+03,  4.966401E-01
  5.060000E+02,  2.725191E-03,  0.000000E+00,  8.467750E+03,  4.967834E-01
  5.120000E+02,  1.595036E-02,  0.000000E+00,  8.468000E+03,  4.969240E-01
  5.200000E+02,  1.475016E-02,  0.000000E+00,  8.468250E+03,  4.970615E-01
  5.300000E+02,  1.319912E-02,  0.000000E+00,  8.468500E+03,  4.971962E-01
  5.400000E+02,  1.246996E-02,  0.000000E+00,  8.468750E+03,  4.973280E-01
  5.500000E+02,  1.306768E-02,  0.000000E+00,  8.469000E+03,  4.974569E-01
  5.600000E+02,  1.724246E-02,  0.000000E+00,  8.469250E+03,  4.975829E-01
  5.700000E+02,  1.895191E-02,  0.000000E+00,  8.469500E+03,  4.977059E-01
  5.800000E+02,  1.754293E-02,  0.000000E+00,  8.469750E+03,  4.978261E-01
  5.900000E+02,  1.827402E-02,  0.000000E+00,  8.470000E+03,  4.979434E-01
  6.000000E+02,  1.310962E-02,  0.000000E+00,  8.470250E+03,  4.980578E-01
  6.100000E+02,  1.640111E-02,  0.000000E+00,  8.470500E+03,  4.981692E-01
  6.200000E+02,  2.024800E-02,  0.000000E+00,  8.470750E+03,  4.982778E-01
  6.300000E+02,  1.948560E-02,  0.000000E+00,  8.471000E+03,  4.983835E-01
  6.400000E+02,  1.983269E-02,  0.000000E+00,  8.471250E+03,  4.984862E-01
  6.500000E+02,  1.884211E-02,  0.000000E+00,  8.471500E+03,  4.985861E-01
  6.580000E+02,  1.419692E-02,  0.000000E+00,  8.471750E+03,  4.986830E-01
  6.650000E+02,  1.802491E-02,  0.000000E+00,  8.472000E+03,  4.987771E-01
  6.750000E+02,  2.077772E-02,  0.000000E+00,  8.472250E+03,  4.988682E-01
  6.850000E+02,  1.622849E-02,  0.000000E+00,  8.472500E+03,  4.989565E-01
  6.950000E+02,  2.073767E-02,  0.000000E+00,  8.472750E+03,  4.990418E-01
  7.050000E+02,  1.522097E-02,  0.000000E+00,  8.473000E+03,  4.991242E-01
  7.160000E+02,  2.192739E-02,  0.000000E+00,  8.473250E+03,  4.992038E-01
  7.260000E+02,  2.142028E-02,  0.000000E+00,  8.473500E+03,  4.992804E-01
  7.350000E+02,  2.148280E-02,  0.000000E+00,  8.473750E+03,  4.993541E-01
  7.450000E+02,  1.935357E-02,  0.000000E+00,  8.474000E+03,  4.994250E-01
  7.550000E+02,  1.941535E-02,  0.000000E+00,  8.474250E+03,  4.994929E-01
  7.650000E+02,  1.988239E-02,  0.000000E+00,  8.474500E+03,  4.995579E-01
  7.750000E+02,  2.062065E-02,  0.000000E+00,  8.474750E+03,  4.996200E-01
  7.850000E+02,  2.024761E-02,  0.000000E+00,  8.475000E+03,  4.996792E-01
  7.950000E+02,  2.083533E-02,  0.000000E+00,  8.475250E+03,  4.997355E-01
  8.050000E+02,  1.965948E-02,  0.000000E+00,  8.475500E+03,  4.997889E-01
  8.150000E+02,  1.958258E-02,  0.000000E+00,  8.475750E+03,  4.998395E-01
  8.250000E+02,  2.068617E-02,  0.000000E+00,  8.476000E+03,  4.998870E-01
  8.350000E+02,  1.618554E-02,  0.000000E+00,  8.476250E+03,  4.999318E-01
  8.450000E+02,  1.971119E-02,  0.000000E+00,  8.476500E+03,  4.999736E-01
  8.550000E+02,  1.934160E-02,  0.000000E+00,  8.476750E+03,  5.000125E-01
  8.650000E+02,  1.991252E-02,  0.000000E+00,  8.477000E+03,  5.000485E-01
  8.750000E+02,  1.985227E-02,  0.000000E+00,  8.477250E+03,  5.000815E-01
  8.850000E+02,  1.991260E-02,  0.000000E+00,  8.477500E+03,  5.001117E-01
  8.950000E+02,  1.988983E-02,  0.000000E+00,  8.477750E+03,  5.001390E-01
  9.050000E+02,  1.920764E-02,  0.000000E+00,  8.478000E+03,  5.001634E-01
  9.150000E+02,  1.902182E-02,  0.000000E+00,  8.478250E+03,  5.001849E-01
  9.250000E+02,  4.521068E-02,  0.000000E+00,  8.478500E+03,  5.002034E-01
  9.350000E+02,  6.744058E-02,  0.000000E+00,  8.478750E+03,  5.002191E-01
  9.450000E+02,  8.553309E-02,  0.000000E+00,  8.479000E+03,  5.002319E-01
  9.550000E+02,  9.459509E-02,  0.000000E+00,  8.479250E+03,  5.002418E-01
  9.650000E+02,  1.061523E-01,  0.000000E+00,  8.479500E+03,  5.002487E-01
  9.750000E+02,  5.406236E-02,  0.000000E+00,  8.479750E+03,  5.002528E-01
  9.850000E+02,  8.871673E-02,  0.000000E+00,  8.480000E+03,  5.002539E-01
  9.950000E+02,  7.887858E-02,  0.000000E+00,  8.480250E+03,  5.002522E-01
  1.005000E+03,  8.018939E-02,  0.000000E+00,  8.480500E+03,  5.002475E-01
  1.015000E+03,  8.419408E-02,  0.000000E+00,  8.480750E+03,  5.002400E-01
  1.025000E+03,  6.789535E-02,  0.000000E+00,  8.481000E+03,  5.002295E-01
  1.035000E+03,  8.220290E-02,  0.000000E+00,  8.481250E+03,  5.002162E-01
  1.045000E+03,  9.148454E-02,  0.000000E+00,  8.481500E+03,  5.001999E-01
  1.055000E+03,  8.737804E-02,  0.000000E+00,  8.481750E+03,  5.001807E-01
  1.065000E+03,  7.618753E-02,  0.000000E+00,  8.482000E+03,  5.001587E-01
  1.075000E+03,  7.849698E-02,  0.000000E+00,  8.482250E+03,  5.001337E-01
  1.085000E+03,  7.239928E-02,  0.000000E+00,  8.482500E+03,  5.001059E-01
  1.095000E+03,  7.689290E-02,  0.000000E+00,  8.482750E+03,  5.000750E-01
  1.105000E+03,  7.317090E-02,  0.000000E+00,  8.483000E+03,  5.000414E-01
  1.115000E+03,  7.168382E-02,  0.000000E+00,  8.483250E+03,  5.000048E-01
  1.125000E+03,  5.816768E-02,  0.000000E+00,  8.483500E+03,  4.999653E-01
  1.135000E+03,  6.845120E-02,  0.000000E+00,  8.483750E+03,  4.999230E-01
  1.145000E+03,  6.572689E-02,  0.000000E+00,  8.484000E+03,  4.998777E-01
  1.155000E+03,  6.140518E-02,  0.000000E+00,  8.484250E+03,  4.998295E-01
  1.165000E+03,  6.050245E-02,  0.000000E+00,  8.484500E+03,  4.997784E-01
  1.175000E+03,  4.347452E-02,  0.000000E+00,  8.484750E+03,  4.997244E-01
  1.185000E+03,  5.531470E-02,  0.000000E+00,  8.485000E+03,  4.996675E-01
  1.195000E+03,  5.296266E-02,  0.000000E+00,  8.485250E+03,  4.996077E-01
  1.205000E+03,  5.087396E-02,  0.000000E+00,  8.485500E+03,  4.995450E-01
  1.215000E+03,  4.068147E-02,  0.000000E+00,  8.485750E+03,  4.994794E-01
  1.225000E+03,  4.919814E-02,  0.000000E+00,  8.486000E+03,  4.994108E-01
  1.235000E+03,  5.191697E-02,  0.000000E+00,  8.486250E+03,  4.993394E-01
  1.245000E+03,  5.015653E-02,  0.000000E+00,  8.486500E+03,  4.992669E-01
  1.255000E+03,  4.989729E-02,  0.000000E+00,  8.486750E+03,  4.991951E-01
  1.265000E+03,  5.054079E-02,  0.000000E+00,  8.487000E+03,  4.991240E-01
  1.275000E+03,  5.155190E-02,  0.000000E+00,  8.487250E+03,  4.990535E-01
  1.285000E+03,  5.117284E-02,  0.000000E+00,  8.487500E+03,  4.989837E-01
  1.295000E+03,  4.786463E-02,  0.000000E+00,  8.487750E+03,  4.989147E-01
  1.305000E+03,  4.747201E-02,  0.000000E+00,  8.488000E+03,  4.988463E-01
  1.315000E+03,  4.934731E-02,  0.000000E+00,  8.488250E+03,  4.987786E-01
  1.325000E+03,  4.763484E-02,  0.000000E+00,  8.488500E+03,  4.987116E-01
  1.335000E+03,  4.625803E-02,  0.000000E+00,  8.488750E+03,  4.986453E-01
  1.345000E+03,  4.562156E-02,  0.000000E+00,  8.489000E+03,  4.985797E-01
  1.355000E+03,  4.465785E-02,  0.000000E+00,  8.489250E+03,  4.985147E-01
  1.365000E+03,  4.284101E-02,  0.000000E+00,  8.489500E+03,  4.984505E-01
  1.375000E+03,  4.158277E-02,  0.000000E+00,  8.489750E+03,  4.983870E-01
  1.385000E+03,  4.029929E-02,  0.000000E+00,  8.490000E+03,  4.983241E-01
  1.395000E+03,  3.174072E-02,  0.000000E+00,  8.490250E+03,  4.982619E-01
  1.405000E+03,  3.247235E-02,  0.000000E+00,  8.490500E+03,  4.982005E-01
  1.415000E+03,  3.842512E-02,  0.000000E+00,  8.490750E+03,  4.981397E-01
  1.425000E+03,  3.461609E-02,  0.000000E+00,  8.491000E+03,  4.980796E-01
  1.435000E+03,  3.655948E-02,  0.000000E+00,  8.491250E+03,  4.980202E-01
  1.442000E+03,  3.604745E-02,  0.000000E+00,  8.491500E+03,  4.979615E-01
  1.447000E+03,  3.584200E-02,  0.000000E+00,  8.491750E+03,  4.979034E-01
  1.455000E+03,  3.415547E-02,  0.000000E+00,  8.492000E+03,  4.978461E-01
  1.465000E+03,  3.348745E-02,  0.000000E+00,  8.492250E+03,  4.977895E-01
  1.475000E+03,  3.343404E-02,  0.000000E+00,  8.492500E+03,  4.977335E-01
  1.485000E+03,  3.336098E-02,  0.000000E+00,  8.492750E+03,  4.976783E-01
  1.495000E+03,  3.227713E-02,  0.000000E+00,  8.493000E+03,  4.976237E-01
  1.505000E+03,  3.148497E-02,  0.000000E+00,  8.493250E+03,  4.975698E-01
  1.512000E+03,  3.113436E-02,  0.000000E+00,  8.493500E+03,  4.975166E-01
  1.517000E+03,  3.111402E-02,  0.000000E+00,  8.493750E+03,  4.974641E-01
  1.525000E+03,  3.006422E-02,  0.000000E+00,  8.494000E+03,  4.974123E-01
  1.535000E+03,  2.668821E-02,  0.000000E+00,  8.494250E+03,  4.973612E-01
  1.545000E+03,  2.269722E-02,  0.000000E+00,  8.494500E+03,  4.973107E-01
  1.555000E+03,  2.283329E-02,  0.000000E+00,  8.494750E+03,  4.972610E-01
  1.565000E+03,  2.509053E-02,  0.000000E+00,  8.495000E+03,  4.972119E-01
  1.575000E+03,  2.607000E-02,  0.000000E+00,  8.495250E+03,  4.971636E-01
  1.585000E+03,  2.584970E-02,  0.000000E+00,  8.495500E+03,  4.971159E-01
  1.595000E+03,  2.584532E-02,  0.000000E+00,  8.495750E+03,  4.970689E-01
  1.605000E+03,  2.434972E-02,  0.000000E+00,  8.496000E+03,  4.970226E-01
  1.615000E+03,  2.329672E-02,  0.000000E+00,  8.496250E+03,  4.969770E-01
  1.625000E+03,  2.365145E-02,  0.000000E+00,  8.496500E+03,  4.969321E-01
  1.635000E+03,  2.364301E-02,  0.000000E+00,  8.496750E+03,  4.968879E-01
  1.645000E+03,  2.332739E-02,  0.000000E+00,  8.497000E+03,  4.968444E-01
  1.655000E+03,  2.360548E-02,  0.000000E+00,  8.497250E+03,  4.968015E-01
  1.665000E+03,  2.295293E-02,  0.000000E+00,  8.497500E+03,  4.967594E-01
  1.672000E+03,  2.145674E-02,  0.000000E+00,  8.497750E+03,  4.967179E-01
  1.677000E+03,  2.443015E-02,  0.000000E+00,  8.498000E+03,  4.966771E-01
  1.685000E+03,  2.342371E-02,  0.000000E+00,  8.498250E+03,  4.966370E-01
  1.695000E+03,  2.267086E-02,  0.000000E+00,  8.498500E+03,  4.965977E-01
  1.705000E+03,  2.228098E-02,  0.000000E+00,  8.498750E+03,  4.965590E-01
  1.715000E+03,  2.140650E-02,  0.000000E+00,  8.499000E+03,  4.965210E-01
  1.725000E+03,  2.056066E-02,  0.000000E+00,  8.499250E+03,  4.964837E-01
  1.735000E+03,  2.119271E-02,  0.000000E+00,  8.499500E+03,  4.964470E-01
  1.745000E+03,  2.096911E-02,  0.000000E+00,  8.499750E+03,  4.964111E-01
  1.755000E+03,  2.053485E-02,  0.000000E+00,  8.500000E+03,  4.963758E-01
  1.765000E+03,  2.018290E-02,  0.000000E+00,  8.500250E+03,  4.963413E-01
  1.775000E+03,  1.957936E-02,  0.000000E+00,  8.500500E+03,  4.963074E-01
  1.785000E+03,  1.971999E-02,  0.000000E+00,  8.500750E+03,  4.962742E-01
  1.795000E+03,  1.921427E-02,  0.000000E+00,  8.501000E+03,  4.962417E-01
  1.805000E+03,  1.911485E-02,  0.000000E+00,  8.501250E+03,  4.962099E-01
  1.815000E+03,  1.866110E-02,  0.000000E+00,  8.501500E+03,  4.961788E-01
  1.825000E+03,  1.830763E-02,  0.000000E+00,  8.501750E+03,  4.961484E-01
  1.835000E+03,  1.825344E-02,  0.000000E+00,  8.502000E+03,  4.961187E-01
  1.845000E+03,  1.748939E-02,  0.000000E+00,  8.502250E+03,  4.960897E-01
  1.855000E+03,  1.751673E-02,  0.000000E+00,  8.502500E+03,  4.960613E-01
  1.865000E+03,  1.743331E-02,  0.000000E+00,  8.502750E+03,  4.960337E-01
  1.875000E+03,  1.693867E-02,  0.000000E+00,  8.503000E+03,  4.960067E-01
  1.885000E+03,  1.632861E-02,  0.000000E+00,  8.503250E+03,  4.959804E-01
  1.895000E+03,  1.611234E-02,  0.000000E+00,  8.503500E+03,  4.959548E-01
  1.905000E+03,  1.630874E-02,  0.000000E+00,  8.503750E+03,  4.959300E-01
  1.915000E+03,  1.584534E-02,  0.000000E+00,  8.504000E+03,  4.959058E-01
  1.925000E+03,  1.496781E-02,  0.000000E+00,  8.504250E+03,  4.958822E-01
  1.935000E+03,  1.560183E-02,  0.000000E+00,  8.504500E+03,  4.958594E-01
  1.945000E+03,  1.562798E-02,  0.000000E+00,  8.504750E+03,  4.958373E-01
  1.955000E+03,  1.447167E-02,  0.000000E+00,  8.505000E+03,  4.958158E-01
  1.967000E+03,  1.487221E-02,  0.000000E+00,  8.505250E+03,  4.957951E-01
  1.976000E+03,  1.500185E-02,  0.000000E+00,  8.505500E+03,  4.957750E-01
  1.984000E+03,  1.459253E-02,  0.000000E+00,  8.505750E+03,  4.957556E-01
  1.995000E+03,  1.419756E-02,  0.000000E+00,  8.506000E+03,  4.957370E-01
  2.005000E+03,  1.435476E-02,  0.000000E+00,  8.506250E+03,  4.957190E-01
  2.015000E+03,  1.423389E-02,  0.000000E+00,  8.506500E+03,  4.957017E-01
  2.025000E+03,  1.407954E-02,  0.000000E+00,  8.506750E+03,  4.956851E-01
  2.035000E+03,  1.365142E-02,  0.000000E+00,  8.507000E+03,  4.956692E-01
  2.045000E+03,  1.342434E-02,  0.000000E+00,  8.507250E+03,  4.956539E-01
  2.055000E+03,  1.073471E-02,  0.000000E+00,  8.507500E+03,  4.956394E-01
  2.065000E+03,  1.031578E-02,  0.000000E+00,  8.507750E+03,  4.956255E-01
  2.074000E+03,  1.062499E-02,  0.000000E+00,  8.508000E+03,  4.956124E-01
  2.078000E+03,  1.061968E-02,  0.000000E+00,  8.508250E+03,  4.955999E-01
  2.085000E+03,  1.121737E-02,  0.000000E+00,  8.508500E+03,  4.955881E-01
  2.095000E+03,  1.192677E-02,  0.000000E+00,  8.508750E+03,  4.955770E-01
  2.105000E+03,  1.223047E-02,  0.000000E+00,  8.509000E+03,  4.955666E-01
  2.115000E+03,  1.229763E-02,  0.000000E+00,  8.509250E+03,  4.955569E-01
  2.125000E+03,  1.197467E-02,  0.000000E+00,  8.509500E+03,  4.955479E-01
  2.135000E+03,  1.191907E-02,  0.000000E+00,  8.509750E+03,  4.955396E-01
  2.145000E+03,  1.172448E-02,  0.000000E+00,  8.510000E+03,  4.955319E-01
  2.155000E+03,  1.168567E-02,  0.000000E+00,  8.510250E+03,  4.955250E-01
  2.165000E+03,  1.113482E-02,  0.000000E+00,  8.510500E+03,  4.955187E-01
  2.175000E+03,  1.137695E-02,  0.000000E+00,  8.510750E+03,  4.955132E-01
  2.185000E+03,  1.098379E-02,  0.000000E+00,  8.511000E+03,  4.955083E-01
  2.195000E+03,  1.116562E-02,  0.000000E+00,  8.511250E+03,  4.955041E-01
  2.205000E+03,  1.098728E-02,  0.000000E+00,  8.511500E+03,  4.955006E-01
  2.215000E+03,  1.052026E-02,  0.000000E+00,  8.511750E+03,  4.954978E-01
  2.225000E+03,  1.064116E-02,  0.000000E+00,  8.512000E+03,  4.954957E-01
  2.235000E+03,  1.048892E-02,  0.000000E+00,  8.512250E+03,  4.954942E-01
  2.245000E+03,  1.031586E-02,  0.000000E+00,  8.512500E+03,  4.954935E-01
  2.255000E+03,  9.941357E-03,  0.000000E+00,  8.512750E+03,  4.954935E-01
  2.265000E+03,  1.003509E-02,  0.000000E+00,  8.513000E+03,  4.954941E-01
  2.275000E+03,  9.924047E-03,  0.000000E+00,  8.513250E+03,  4.954955E-01
  2.285000E+03,  9.626713E-03,  0.000000E+00,  8.513500E+03,  4.954975E-01
  2.295000E+03,  8.924240E-03,  0.000000E+00,  8.513750E+03,  4.954998E-01
  2.305000E+03,  9.204372E-03,  0.000000E+00,  8.514000E+03,  4.955019E-01
  2.315000E+03,  9.198206E-03,  0.000000E+00,  8.514250E+03,  4.955038E-01
  2.325000E+03,  9.159295E-03,  0.000000E+00,  8.514500E+03,  4.955056E-01
  2.335000E+03,  9.036180E-03,  0.000000E+00,  8.514750E+03,  4.955072E-01
  2.345000E+03,  8.907160E-03,  0.000000E+00,  8.515000E+03,  4.955086E-01
  2.355000E+03,  8.739202E-03,  0.000000E+00,  8.515250E+03,  4.955099E-01
  2.365000E+03,  8.596123E-03,  0.000000E+00,  8.515500E+03,  4.955109E-01
  2.375000E+03,  8.416207E-03,  0.000000E+00,  8.515750E+03,  4.955118E-01
  2.385000E+03,  8.041327E-03,  0.000000E+00,  8.516000E+03,  4.955126E-01
  2.395000E+03,  8.106003E-03,  0.000000E+00,  8.516250E+03,  4.955131E-01
  2.405000E+03,  8.099784E-03,  0.000000E+00,  8.516500E+03,  4.955135E-01
  2.415000E+03,  7.957122E-03,  0.000000E+00,  8.516750E+03,  4.955137E-01
  2.425000E+03,  7.905441E-03,  0.000000E+00,  8.517000E+03,  4.955138E-01
  2.435000E+03,  7.761674E-03,  0.000000E+00,  8.517250E+03,  4.955136E-01
  2.445000E+03,  7.675157E-03,  0.000000E+00,  8.517500E+03,  4.955133E-01
  2.455000E+03,  7.552070E-03,  0.000000E+00,  8.517750E+03,  4.955128E-01
  2.465000E+03,  7.468816E-03,  0.000000E+00,  8.518000E+03,  4.955122E-01
  2.475000E+03,  7.362092E-03,  0.000000E+00,  8.518250E+03,  4.955114E-01
  2.485000E+03,  7.133396E-03,  0.000000E+00,  8.518500E+03,  4.955104E-01
  2.495000E+03,  5.342975E-03,  0.000000E+00,  8.518750E+03,  4.955092E-01
  2.505000E+03,  6.788018E-03,  0.000000E+00,  8.519000E+03,  4.955079E-01
  2.513000E+03,  6.580851E-03,  0.000000E+00,  8.519250E+03,  4.955064E-01
  2.518000E+03,  6.695537E-03,  0.000000E+00,  8.519500E+03,  4.955047E-01
  2.525000E+03,  6.864468E-03,  0.000000E+00,  8.519750E+03,  4.955028E-01
  2.535000E+03,  6.814082E-03,  0.000000E+00,  8.520000E+03,  4.955008E-01
  2.545000E+03,  6.665313E-03,  0.000000E+00,  8.520250E+03,  4.954986E-01
  2.555000E+03,  6.598539E-03,  0.000000E+00,  8.520500E+03,  4.954962E-01
  2.565000E+03,  6.508443E-03,  0.000000E+00,  8.520750E+03,  4.954937E-01
  2.575000E+03,  6.449790E-03,  0.000000E+00,  8.521000E+03,  4.954909E-01
  2.585000E+03,  6.371979E-03,  0.000000E+00,  8.521250E+03,  4.954880E-01
  2.595000E+03,  6.236009E-03,  0.000000E+00,  8.521500E+03,  4.954850E-01
  2.605000E+03,  6.215580E-03,  0.000000E+00,  8.521750E+03,  4.954818E-01
  2.615000E+03,  6.092433E-03,  0.000000E+00,  8.522000E+03,  4.954783E-01
  2.625000E+03,  6.047850E-03,  0.000000E+00,  8.522250E+03,  4.954748E-01
  2.635000E+03,  5.978554E-03,  0.000000E+00,  8.522500E+03,  4.954710E-01
  2.645000E+03,  5.882694E-03,  0.000000E+00,  8.522750E+03,  4.954671E-01
  2.655000E+03,  5.819952E-03,  0.000000E+00,  8.523000E+03,  4.954630E-01
  2.665000E+03,  5.701559E-03,  0.000000E+00,  8.523250E+03,  4.954587E-01
  2.675000E+03,  5.564569E-03,  0.000000E+00,  8.523500E+03,  4.954543E-01
  2.685000E+03,  5.576232E-03,  0.000000E+00,  8.523750E+03,  4.954496E-01
  2.695000E+03,  5.476943E-03,  0.000000E+00,  8.524000E+03,  4.954448E-01
  2.705000E+03,  5.436081E-03,  0.000000E+00,  8.524250E+03,  4.954399E-01
  2.715000E+03,  5.355435E-03,  0.000000E+00,  8.524500E+03,  4.954348E-01
  2.725000E+03,  5.279727E-03,  0.000000E+00,  8.524750E+03,  4.954294E-01
  2.735000E+03,  5.138485E-03,  0.000000E+00,  8.525000E+03,  4.954239E-01
  2.745000E+03,  5.185572E-03,  0.000000E+00,  8.525250E+03,  4.954183E-01
  2.755000E+03,  5.109071E-03,  0.000000E+00,  8.525500E+03,  4.954125E-01
  2.765000E+03,  5.030859E-03,  0.000000E+00,  8.525750E+03,  4.954065E-01
  2.775000E+03,  5.004841E-03,  0.000000E+00,  8.526000E+03,  4.954003E-01
  2.785000E+03,  4.911598E-03,  0.000000E+00,  8.526250E+03,  4.953940E-01
  2.795000E+03,  4.758284E-03,  0.000000E+00,  8.526500E+03,  4.953874E-01
  2.805000E+03,  4.785200E-03,  0.000000E+00,  8.526750E+03,  4.953808E-01
  2.815000E+03,  4.753261E-03,  0.000000E+00,  8.527000E+03,  4.953739E-01
  2.825000E+03,  4.684587E-03,  0.000000E+00,  8.527250E+03,  4.953669E-01
  2.835000E+03,  4.609627E-03,  0.000000E+00,  8.527500E+03,  4.953597E-01
  2.845000E+03,  4.594210E-03,  0.000000E+00,  8.527750E+03,  4.953523E-01
  2.855000E+03,  4.521509E-03,  0.000000E+00,  8.528000E+03,  4.953447E-01
  2.865000E+03,  4.453801E-03,  0.000000E+00,  8.528250E+03,  4.953370E-01
  2.875000E+03,  4.400075E-03,  0.000000E+00,  8.528500E+03,  4.953291E-01
  2.885000E+03,  4.355326E-03,  0.000000E+00,  8.528750E+03,  4.953210E-01
  2.895000E+03,  4.297253E-03,  0.000000E+00,  8.529000E+03,  4.953128E-01
  2.910000E+03,  4.192625E-03,  0.000000E+00,  8.529250E+03,  4.953044E-01
  2.930000E+03,  4.130830E-03,  0.000000E+00,  8.529500E+03,  4.952958E-01
  2.950000E+03,  4.017556E-03,  0.000000E+00,  8.529750E+03,  4.952870E-01
  2.970000E+03,  3.926946E-03,  0.000000E+00,  8.530000E+03,  4.952781E-01
  2.990000E+03,  3.809652E-03,  0.000000E+00,  8.530250E+03,  4.952690E-01
  3.010000E+03,  3.699167E-03,  0.000000E+00,  8.530500E+03,  4.952597E-01
  3.030000E+03,  3.598304E-03,  0.000000E+00,  8.530750E+03,  4.952503E-01
  3.050000E+03,  3.552335E-03,  0.000000E+00,  8.531000E+03,  4.952406E-01
  3.070000E+03,  3.489470E-03,  0.000000E+00,  8.531250E+03,  4.952309E-01
  3.090000E+03,  3.384882E-03,  0.000000E+00,  8.531500E+03,  4.952209E-01
  3.110000E+03,  3.340319E-03,  0.000000E+00,  8.531750E+03,  4.952107E-01
  3.130000E+03,  3.248623E-03,  0.000000E+00,  8.532000E+03,  4.952004E-01
  3.150000E+03,  3.192444E-03,  0.000000E+00,  8.532250E+03,  4.951899E-01
  3.170000E+03,  3.116399E-03,  0.000000E+00,  8.532500E+03,  4.951793E-01
  3.190000E+03,  3.051462E-03,  0.000000E+00,  8.532750E+03,  4.951684E-01
  3.210000E+03,  2.960127E-03,  0.000000E+00,  8.533000E+03,  4.951575E-01
  3.230000E+03,  2.915731E-03,  0.000000E+00,  8.533250E+03,  4.951463E-01
  3.250000E+03,  2.866849E-03,  0.000000E+00,  8.533500E+03,  4.951349E-01
  3.270000E+03,  2.776683E-03,  0.000000E+00,  8.533750E+03,  4.951234E-01
  3.290000E+03,  2.733985E-03,  0.000000E+00,  8.534000E+03,  4.951117E-01
  3.310000E+03,  2.672398E-03,  0.000000E+00,  8.534250E+03,  4.950998E-01
  3.330000E+03,  2.608459E-03,  0.000000E+00,  8.534500E+03,  4.950878E-01
  3.350000E+03,  2.543771E-03,  0.000000E+00,  8.534750E+03,  4.950756E-01
  3.370000E+03,  2.497193E-03,  0.000000E+00,  8.535000E+03,  4.950632E-01
  3.390000E+03,  2.461612E-03,  0.000000E+00,  8.535250E+03,  4.950506E-01
  3.410000E+03,  2.407880E-03,  0.000000E+00,  8.535500E+03,  4.950379E-01
  3.430000E+03,  2.366715E-03,  0.000000E+00,  8.535750E+03,  4.950250E-01
  3.450000E+03,  2.300676E-03,  0.000000E+00,  8.536000E+03,  4.950119E-01
  3.470000E+03,  2.264782E-03,  0.000000E+00,  8.536250E+03,  4.949987E-01
  3.490000E+03,  2.220303E-03,  0.000000E+00,  8.536500E+03,  4.949853E-01
  3.510000E+03,  2.177455E-03,  0.000000E+00,  8.536750E+03,  4.949717E-01
  3.530000E+03,  2.138324E-03,  0.000000E+00,  8.537000E+03,  4.949579E-01
  3.550000E+03,  2.092442E-03,  0.000000E+00,  8.537250E+03,  4.949440E-01
  3.570000E+03,  2.053861E-03,  0.000000E+00,  8.537500E+03,  4.949299E-01
  3.590000E+03,  2.006783E-03,  0.000000E+00,  8.537750E+03,  4.949156E-01
  3.610000E+03,  1.968796E-03,  0.000000E+00,  8.538000E+03,  4.949011E-01
  3.630000E+03,  1.927820E-03,  0.000000E+00,  8.538250E+03,  4.948865E-01
  3.640000E+03,  1.900948E-03,  0.000000E+00,  8.538500E+03,  4.948717E-01
  3.650000E+03,  1.800451E-03,  0.000000E+00,  8.538750E+03,  4.948567E-01
  3.670000E+03,  1.771625E-03,  0.000000E+00,  8.539000E+03,  4.948416E-01
  3.690000E+03,  1.737901E-03,  0.000000E+00,  8.539250E+03,  4.948263E-01
  3.710000E+03,  1.682773E-03,  0.000000E+00,  8.539500E+03,  4.948108E-01
  3.730000E+03,  1.660136E-03,  0.000000E+00,  8.539750E+03,  4.947951E-01
  3.750000E+03,  1.657855E-03,  0.000000E+00,  8.540000E+03,  4.947793E-01
  3.770000E+03,  1.626976E-03,  0.000000E+00,  8.540250E+03,  4.947633E-01
  3.790000E+03,  1.671775E-03,  0.000000E+00,  8.540500E+03,  4.947471E-01
  3.810000E+03,  1.699348E-03,  0.000000E+00,  8.540750E+03,  4.947307E-01
  3.830000E+03,  1.554376E-03,  0.000000E+00,  8.541000E+03,  4.947142E-01
  3.850000E+03,  1.685243E-03,  0.000000E+00,  8.541250E+03,  4.946982E-01
  3.870000E+03,  1.639000E-03,  0.000000E+00,  8.541500E+03,  4.946834E-01
  3.890000E+03,  1.460848E-03,  0.000000E+00,  8.541750E+03,  4.946698E-01
  3.910000E+03,  1.633007E-03,  0.000000E+00,  8.542000E+03,  4.946573E-01
  3.930000E+03,  1.586549E-03,  0.000000E+00,  8.542250E+03,  4.946461E-01
  3.950000E+03,  1.544762E-03,  0.000000E+00,  8.542500E+03,  4.946361E-01
  3.970000E+03,  1.343852E-03,  0.000000E+00,  8.542750E+03,  4.946272E-01
  3.990000E+03,  1.512544E-03,  0.000000E+00,  8.543000E+03,  4.946195E-01
  4.010000E+03,  1.486163E-03,  0.000000E+00,  8.543250E+03,  4.946131E-01
  4.030000E+03,  1.430124E-03,  0.000000E+00,  8.543500E+03,  4.946078E-01
  4.050000E+03,  1.442385E-03,  0.000000E+00,  8.543750E+03,  4.946038E-01
  4.070000E+03,  1.383840E-03,  0.000000E+00,  8.544000E+03,  4.946009E-01
  4.090000E+03,  1.309617E-03,  0.000000E+00,  8.544250E+03,  4.945992E-01
  4.110000E+03,  1.211700E-03,  0.000000E+00,  8.544500E+03,  4.945987E-01
  4.130000E+03,  1.320010E-03,  0.000000E+00,  8.544750E+03,  4.945995E-01
  4.150000E+03,  1.303868E-03,  0.000000E+00,  8.545000E+03,  4.946014E-01
  4.170000E+03,  1.296345E-03,  0.000000E+00,  8.545250E+03,  4.946045E-01
  4.190000E+03,  1.268640E-03,  0.000000E+00,  8.545500E+03,  4.946088E-01
  4.210000E+03,  1.241758E-03,  0.000000E+00,  8.545750E+03,  4.946143E-01
  4.230000E+03,  1.231574E-03,  0.000000E+00,  8.546000E+03,  4.946210E-01
  4.250000E+03,  1.198657E-03,  0.000000E+00,  8.546250E+03,  4.946289E-01
  4.270000E+03,  1.174052E-03,  0.000000E+00,  8.546500E+03,  4.946379E-01
  4.290000E+03,  1.151271E-03,  0.000000E+00,  8.546750E+03,  4.946482E-01
  4.310000E+03,  1.122805E-03,  0.000000E+00,  8.547000E+03,  4.946597E-01
  4.330000E+03,  1.063151E-03,  0.000000E+00,  8.547250E+03,  4.946724E-01
  4.350000E+03,  9.939103E-04,  0.000000E+00,  8.547500E+03,  4.946862E-01
  4.370000E+03,  1.074332E-03,  0.000000E+00,  8.547750E+03,  4.947013E-01
  4.390000E+03,  1.050572E-03,  0.000000E+00,  8.548000E+03,  4.947175E-01
  4.410000E+03,  1.039250E-03,  0.000000E+00,  8.548250E+03,  4.947350E-01
  4.430000E+03,  1.030807E-03,  0.000000E+00,  8.548500E+03,  4.947536E-01
  4.450000E+03,  1.011623E-03,  0.000000E+00,  8.548750E+03,  4.947734E-01
  4.470000E+03,  9.781035E-04,  0.000000E+00,  8.549000E+03,  4.947945E-01
  4.490000E+03,  9.810941E-04,  0.000000E+00,  8.549250E+03,  4.948167E-01
  4.510000E+03,  9.611941E-04,  0.000000E+00,  8.549500E+03,  4.948401E-01
  4.530000E+03,  9.507063E-04,  0.000000E+00,  8.549750E+03,  4.948647E-01
  4.550000E+03,  9.267202E-04,  0.000000E+00,  8.550000E+03,  4.948905E-01
  4.570000E+03,  9.218514E-04,  0.000000E+00,  8.550250E+03,  4.949175E-01
  4.590000E+03,  9.036346E-04,  0.000000E+00,  8.550500E+03,  4.949458E-01
  4.610000E+03,  8.868747E-04,  0.000000E+00,  8.550750E+03,  4.949751E-01
  4.630000E+03,  8.677494E-04,  0.000000E+00,  8.551000E+03,  4.950057E-01
  4.650000E+03,  8.280053E-04,  0.000000E+00,  8.551250E+03,  4.950375E-01
  4.670000E+03,  8.420769E-04,  0.000000E+00,  8.551500E+03,  4.950705E-01
  4.690000E+03,  8.199394E-04,  0.000000E+00,  8.551750E+03,  4.951047E-01
  4.710000E+03,  8.112358E-04,  0.000000E+00,  8.552000E+03,  4.951400E-01
  4.730000E+03,  8.158129E-04,  0.000000E+00,  8.552250E+03,  4.951766E-01
  4.750000E+03,  8.016104E-04,  0.000000E+00,  8.552500E+03,  4.952144E-01
  4.770000E+03,  7.918991E-04,  0.000000E+00,  8.552750E+03,  4.952533E-01
  4.790000E+03,  7.794492E-04,  0.000000E+00,  8.553000E+03,  4.952935E-01
  4.810000E+03,  7.656033E-04,  0.000000E+00,  8.553250E+03,  4.953348E-01
  4.830000E+03,  7.502763E-04,  0.000000E+00,  8.553500E+03,  4.953774E-01
  4.850000E+03,  7.153741E-04,  0.000000E+00,  8.553750E+03,  4.954211E-01
  4.870000E+03,  6.562385E-04,  0.000000E+00,  8.554000E+03,  4.954661E-01
  4.890000E+03,  7.157461E-04,  0.000000E+00,  8.554250E+03,  4.955122E-01
  4.910000E+03,  7.066871E-04,  0.000000E+00,  8.554500E+03,  4.955595E-01
  4.930000E+03,  6.880879E-04,  0.000000E+00,  8.554750E+03,  4.956080E-01
  4.950000E+03,  6.836451E-04,  0.000000E+00,  8.555000E+03,  4.956577E-01
  4.970000E+03,  6.788164E-04,  0.000000E+00,  8.555250E+03,  4.957086E-01
  4.990000E+03,  6.686127E-04,  0.000000E+00,  8.555500E+03,  4.957607E-01
  5.010000E+03,  6.486559E-04,  0.000000E+00,  8.555750E+03,  4.958140E-01
  5.030000E+03,  6.453858E-04,  0.000000E+00,  8.556000E+03,  4.958685E-01
  5.050000E+03,  6.357678E-04,  0.000000E+00,  8.556250E+03,  4.959242E-01
  5.070000E+03,  6.297621E-04,  0.000000E+00,  8.556500E+03,  4.959811E-01
  5.090000E+03,  6.199678E-04,  0.000000E+00,  8.556750E+03,  4.960392E-01
  5.110000E+03,  6.107583E-04,  0.000000E+00,  8.557000E+03,  4.960984E-01
  5.130000E+03,  6.015885E-04,  0.000000E+00,  8.557250E+03,  4.961589E-01
  5.150000E+03,  5.929274E-04,  0.000000E+00,  8.557500E+03,  4.962206E-01
  5.170000E+03,  5.836776E-04,  0.000000E+00,  8.557750E+03,  4.962834E-01
  5.190000E+03,  5.759834E-04,  0.000000E+00,  8.558000E+03,  4.963475E-01
  5.210000E+03,  5.679889E-04,  0.000000E+00,  8.558250E+03,  4.964127E-01
  5.230000E+03,  5.600517E-04,  0.000000E+00,  8.558500E+03,  4.964792E-01
  5.250000E+03,  5.508811E-04,  0.000000E+00,  8.558750E+03,  4.965468E-01
  5.270000E+03,  5.425220E-04,  0.000000E+00,  8.559000E+03,  4.966156E-01
  5.290000E+03,  5.365106E-04,  0.000000E+00,  8.559250E+03,  4.966856E-01
  5.310000E+03,  5.286992E-04,  0.000000E+00,  8.559500E+03,  4.967569E-01
  5.330000E+03,  5.213561E-04,  0.000000E+00,  8.559750E+03,  4.968293E-01
  5.350000E+03,  5.141567E-04,  0.000000E+00,  8.560000E+03,  4.969029E-01
  5.370000E+03,  5.068826E-04,  0.000000E+00,  8.560250E+03,  4.969777E-01
  5.390000E+03,  4.994053E-04,  0.000000E+00,  8.560500E+03,  4.970537E-01
  5.410000E+03,  4.872793E-04,  0.000000E+00,  8.560750E+03,  4.971309E-01
  5.430000E+03,  4.860884E-04,  0.000000E+00,  8.561000E+03,  4.972093E-01
  5.450000E+03,  4.792967E-04,  0.000000E+00,  8.561250E+03,  4.972889E-01
  5.470000E+03,  4.725858E-04,  0.000000E+00,  8.561500E+03,  4.973696E-01
  5.490000E+03,  4.661846E-04,  0.000000E+00,  8.561750E+03,  4.974516E-01
  5.510000E+03,  4.595350E-04,  0.000000E+00,  8.562000E+03,  4.975348E-01
  5.530000E+03,  4.535464E-04,  0.000000E+00,  8.562250E+03,  4.976192E-01
  5.550000E+03,  4.475791E-04,  0.000000E+00,  8.562500E+03,  4.977047E-01
  5.570000E+03,  4.413610E-04,  0.000000E+00,  8.562750E+03,  4.977915E-01
  5.590000E+03,  4.341896E-04,  0.000000E+00,  8.563000E+03,  4.978794E-01
  5.610000E+03,  4.297289E-04,  0.000000E+00,  8.563250E+03,  4.979686E-01
  5.630000E+03,  4.240011E-04,  0.000000E+00,  8.563500E+03,  4.980589E-01
  5.650000E+03,  4.182080E-04,  0.000000E+00,  8.563750E+03,  4.981504E-01
  5.670000E+03,  4.122342E-04,  0.000000E+00,  8.564000E+03,  4.982432E-01
  5.690000E+03,  4.020694E-04,  0.000000E+00,  8.564250E+03,  4.983371E-01
  5.710000E+03,  3.904886E-04,  0.000000E+00,  8.564500E+03,  4.984322E-01
  5.730000E+03,  3.857451E-04,  0.000000E+00,  8.564750E+03,  4.985285E-01
  5.750000E+03,  3.801788E-04,  0.000000E+00,  8.565000E+03,  4.986261E-01
  5.770000E+03,  3.760981E-04,  0.000000E+00,  8.565250E+03,  4.987248E-01
  5.790000E+03,  3.711992E-04,  0.000000E+00,  8.565500E+03,  4.988247E-01
  5.810000E+03,  3.659097E-04,  0.000000E+00,  8.565750E+03,  4.989258E-01
  5.830000E+03,  3.613941E-04,  0.000000E+00,  8.566000E+03,  4.990281E-01
  5.850000E+03,  3.581684E-04,  0.000000E+00,  8.566250E+03,  4.991315E-01
  5.870000E+03,  3.475203E-04,  0.000000E+00,  8.566500E+03,  4.992362E-01
  5.890000E+03,  3.498296E-04,  0.000000E+00,  8.566750E+03,  4.993421E-01
  5.910000E+03,  3.466225E-04,  0.000000E+00,  8.567000E+03,  4.994492E-01
  5.930000E+03,  3.431623E-04,  0.000000E+00,  8.567250E+03,  4.995574E-01
  5.950000E+03,  3.398087E-04,  0.000000E+00,  8.567500E+03,  4.996669E-01
  5.970000E+03,  3.369200E-04,  0.000000E+00,  8.567750E+03,  4.997776E-01
  5.990000E+03,  3.333942E-04,  0.000000E+00,  8.568000E+03,  4.998894E-01
  6.010000E+03,  3.300612E-04,  0.000000E+00,  8.568250E+03,  5.000024E-01
  6.030000E+03,  3.261153E-04,  0.000000E+00,  8.568500E+03,  5.001149E-01
  6.050000E+03,  3.224286E-04,  0.000000E+00,  8.568750E+03,  5.002248E-01
  6.070000E+03,  3.185266E-04,  0.000000E+00,  8.569000E+03,  5.003324E-01
  6.090000E+03,  3.146709E-04,  0.000000E+00,  8.569250E+03,  5.004374E-01
  6.110000E+03,  3.105945E-04,  0.000000E+00,  8.569500E+03,  5.005401E-01
  6.130000E+03,  3.068262E-04,  0.000000E+00,  8.569750E+03,  5.006402E-01
  6.150000E+03,  3.026598E-04,  0.000000E+00,  8.570000E+03,  5.007380E-01
  6.170000E+03,  2.988903E-04,  0.000000E+00,  8.570250E+03,  5.008332E-01
  6.190000E+03,  2.957140E-04,  0.000000E+00,  8.570500E+03,  5.009261E-01
  6.210000E+03,  2.922123E-04,  0.000000E+00,  8.570750E+03,  5.010164E-01
  6.230000E+03,  2.883800E-04,  0.000000E+00,  8.571000E+03,  5.011044E-01
  6.250000E+03,  2.848719E-04,  0.000000E+00,  8.571250E+03,  5.011898E-01
  6.270000E+03,  2.816054E-04,  0.000000E+00,  8.571500E+03,  5.012729E-01
  6.290000E+03,  2.782212E-04,  0.000000E+00,  8.571750E+03,  5.013534E-01
  6.310000E+03,  2.743139E-04,  0.000000E+00,  8.572000E+03,  5.014316E-01
  6.330000E+03,  2.716161E-04,  0.000000E+00,  8.572250E+03,  5.015072E-01
  6.350000E+03,  2.681487E-04,  0.000000E+00,  8.572500E+03,  5.015805E-01
  6.370000E+03,  2.651974E-04,  0.000000E+00,  8.572750E+03,  5.016512E-01
  6.390000E+03,  2.620336E-04,  0.000000E+00,  8.573000E+03,  5.017196E-01
  6.410000E+03,  2.584912E-04,  0.000000E+00,  8.573250E+03,  5.017855E-01
  6.430000E+03,  2.558821E-04,  0.000000E+00,  8.573500E+03,  5.018489E-01
  6.450000E+03,  2.527486E-04,  0.000000E+00,  8.573750E+03,  5.019099E-01
  6.470000E+03,  2.494336E-04,  0.000000E+00,  8.574000E+03,  5.019684E-01
  6.490000E+03,  2.465472E-04,  0.000000E+00,  8.574250E+03,  5.020245E-01
  6.510000E+03,  2.432060E-04,  0.000000E+00,  8.574500E+03,  5.020782E-01
  6.530000E+03,  2.396309E-04,  0.000000E+00,  8.574750E+03,  5.021293E-01
  6.550000E+03,  2.332472E-04,  0.000000E+00,  8.575000E+03,  5.021781E-01
  6.570000E+03,  2.122146E-04,  0.000000E+00,  8.575250E+03,  5.022244E-01
  6.590000E+03,  2.313342E-04,  0.000000E+00,  8.575500E+03,  5.022682E-01
  6.610000E+03,  2.300150E-04,  0.000000E+00,  8.575750E+03,  5.023096E-01
  6.630000E+03,  2.275696E-04,  0.000000E+00,  8.576000E+03,  5.023485E-01
  6.650000E+03,  2.248118E-04,  0.000000E+00,  8.576250E+03,  5.023850E-01
  6.670000E+03,  2.201143E-04,  0.000000E+00,  8.576500E+03,  5.024191E-01
  6.690000E+03,  2.172706E-04,  0.000000E+00,  8.576750E+03,  5.024506E-01
  6.710000E+03,  2.167617E-04,  0.000000E+00,  8.577000E+03,  5.024798E-01
  6.730000E+03,  2.142576E-04,  0.000000E+00,  8.577250E+03,  5.025065E-01
  6.750000E+03,  2.122348E-04,  0.000000E+00,  8.577500E+03,  5.025308E-01
  6.770000E+03,  2.100894E-04,  0.000000E+00,  8.577750E+03,  5.025526E-01
  6.790000E+03,  2.075035E-04,  0.000000E+00,  8.578000E+03,  5.025719E-01
  6.810000E+03,  2.054338E-04,  0.000000E+00,  8.578250E+03,  5.025888E-01
  6.830000E+03,  2.030545E-04,  0.000000E+00,  8.578500E+03,  5.026032E-01
  6.850000E+03,  2.008387E-04,  0.000000E+00,  8.578750E+03,  5.026152E-01
  6.870000E+03,  1.985221E-04,  0.000000E+00,  8.579000E+03,  5.026248E-01
  6.890000E+03,  1.953663E-04,  0.000000E+00,  8.579250E+03,  5.026319E-01
  6.910000E+03,  1.936896E-04,  0.000000E+00,  8.579500E+03,  5.026366E-01
  6.930000E+03,  1.921808E-04,  0.000000E+00,  8.579750E+03,  5.026388E-01
  6.950000E+03,  1.900567E-04,  0.000000E+00,  8.580000E+03,  5.026385E-01
  6.970000E+03,  1.879849E-04,  0.000000E+00,  8.580250E+03,  5.026358E-01
  6.990000E+03,  1.858962E-04,  0.000000E+00,  8.580500E+03,  5.026307E-01
  7.010000E+03,  1.836673E-04,  0.000000E+00,  8.580750E+03,  5.026230E-01
  7.030000E+03,  1.815424E-04,  0.000000E+00,  8.581000E+03,  5.026130E-01
  7.050000E+03,  1.796343E-04,  0.000000E+00,  8.581250E+03,  5.026005E-01
  7.070000E+03,  1.757304E-04,  0.000000E+00,  8.581500E+03,  5.025856E-01
  7.090000E+03,  1.760480E-04,  0.000000E+00,  8.581750E+03,  5.025682E-01
  7.110000E+03,  1.740475E-04,  0.000000E+00,  8.582000E+03,  5.025483E-01
  7.130000E+03,  1.722224E-04,  0.000000E+00,  8.582250E+03,  5.025260E-01
  7.150000E+03,  1.704622E-04,  0.000000E+00,  8.582500E+03,  5.025013E-01
  7.170000E+03,  1.681545E-04,  0.000000E+00,  8.582750E+03,  5.024741E-01
  7.190000E+03,  1.665865E-04,  0.000000E+00,  8.583000E+03,  5.024444E-01
  7.210000E+03,  1.650783E-04,  0.000000E+00,  8.583250E+03,  5.024124E-01
  7.230000E+03,  1.626568E-04,  0.000000E+00,  8.583500E+03,  5.023779E-01
  7.250000E+03,  1.613920E-04,  0.000000E+00,  8.583750E+03,  5.023409E-01
  7.270000E+03,  1.599042E-04,  0.000000E+00,  8.584000E+03,  5.023015E-01
  7.290000E+03,  1.573084E-04,  0.000000E+00,  8.584250E+03,  5.022596E-01
  7.310000E+03,  1.564783E-04,  0.000000E+00,  8.584500E+03,  5.022152E-01
  7.330000E+03,  1.549169E-04,  0.000000E+00,  8.584750E+03,  5.021684E-01
  7.350000E+03,  1.532951E-04,  0.000000E+00,  8.585000E+03,  5.021192E-01
  7.370000E+03,  1.516942E-04,  0.000000E+00,  8.585250E+03,  5.020675E-01
  7.390000E+03,  1.501525E-04,  0.000000E+00,  8.585500E+03,  5.020134E-01
  7.410000E+03,  1.485666E-04,  0.000000E+00,  8.585750E+03,  5.019568E-01
  7.430000E+03,  1.470670E-04,  0.000000E+00,  8.586000E+03,  5.018978E-01
  7.450000E+03,  1.454617E-04,  0.000000E+00,  8.586250E+03,  5.018363E-01
  7.470000E+03,  1.437605E-04,  0.000000E+00,  8.586500E+03,  5.017723E-01
  7.490000E+03,  1.422263E-04,  0.000000E+00,  8.586750E+03,  5.017060E-01
  7.510000E+03,  1.410658E-04,  0.000000E+00,  8.587000E+03,  5.016372E-01
  7.530000E+03,  1.396182E-04,  0.000000E+00,  8.587250E+03,  5.015659E-01
  7.550000E+03,  1.382694E-04,  0.000000E+00,  8.587500E+03,  5.014921E-01
  7.570000E+03,  1.368435E-04,  0.000000E+00,  8.587750E+03,  5.014160E-01
  7.590000E+03,  1.347425E-04,  0.000000E+00,  8.588000E+03,  5.013373E-01
  7.610000E+03,  1.338705E-04,  0.000000E+00,  8.588250E+03,  5.012563E-01
  7.630000E+03,  1.326878E-04,  0.000000E+00,  8.588500E+03,  5.011728E-01
  7.650000E+03,  1.313329E-04,  0.000000E+00,  8.588750E+03,  5.010868E-01
  7.670000E+03,  1.301227E-04,  0.000000E+00,  8.589000E+03,  5.009984E-01
  7.690000E+03,  1.284977E-04,  0.000000E+00,  8.589250E+03,  5.009075E-01
  7.710000E+03,  1.274224E-04,  0.000000E+00,  8.589500E+03,  5.008142E-01
  7.730000E+03,  1.258333E-04,  0.000000E+00,  8.589750E+03,  5.007184E-01
  7.750000E+03,  1.249826E-04,  0.000000E+00,  8.590000E+03,  5.006202E-01
  7.770000E+03,  1.237858E-04,  0.000000E+00,  8.590250E+03,  5.005195E-01
  7.790000E+03,  1.225740E-04,  0.000000E+00,  8.590500E+03,  5.004164E-01
  7.810000E+03,  1.213424E-04,  0.000000E+00,  8.590750E+03,  5.003108E-01
  7.830000E+03,  1.201753E-04,  0.000000E+00,  8.591000E+03,  5.002028E-01
  7.850000E+03,  1.189577E-04,  0.000000E+00,  8.591250E+03,  5.000923E-01
  7.870000E+03,  1.176473E-04,  0.000000E+00,  8.591500E+03,  4.999794E-01
  7.890000E+03,  1.165142E-04,  0.000000E+00,  8.591750E+03,  4.998641E-01
  7.910000E+03,  1.155735E-04,  0.000000E+00,  8.592000E+03,  4.997463E-01
  7.930000E+03,  1.144449E-04,  0.000000E+00,  8.592250E+03,  4.996260E-01
  7.950000E+03,  1.133934E-04,  0.000000E+00,  8.592500E+03,  4.995033E-01
  7.970000E+03,  1.121786E-04,  0.000000E+00,  8.592750E+03,  4.993781E-01
  7.990000E+03,  1.111653E-04,  0.000000E+00,  8.593000E+03,  4.992505E-01
  8.010000E+03,  1.101171E-04,  0.000000E+00,  8.593250E+03,  4.991204E-01
  8.030000E+03,  1.090056E-04,  0.000000E+00,  8.593500E+03,  4.989879E-01
  8.050000E+03,  1.080288E-04,  0.000000E+00,  8.593750E+03,  4.988530E-01
  8.070000E+03,  1.069945E-04,  0.000000E+00,  8.594000E+03,  4.987156E-01
  8.090000E+03,  1.059151E-04,  0.000000E+00,  8.594250E+03,  4.985757E-01
  8.110000E+03,  1.045240E-04,  0.000000E+00,  8.594500E+03,  4.984334E-01
  8.130000E+03,  1.039797E-04,  0.000000E+00,  8.594750E+03,  4.982887E-01
  8.150000E+03,  1.029084E-04,  0.000000E+00,  8.595000E+03,  4.981415E-01
  8.170000E+03,  1.019886E-04,  0.000000E+00,  8.595250E+03,  4.979918E-01
  8.190000E+03,  1.006456E-04,  0.000000E+00,  8.595500E+03,  4.978397E-01
  8.210000E+03,  9.870034E-05,  0.000000E+00,  8.595750E+03,  4.976875E-01
  8.230000E+03,  9.749941E-05,  0.000000E+00,  8.596000E+03,  4.975373E-01
  8.250000E+03,  9.696681E-05,  0.000000E+00,  8.596250E+03,  4.973893E-01
  8.270000E+03,  9.570004E-05,  0.000000E+00,  8.596500E+03,  4.972434E-01
  8.290000E+03,  9.521778E-05,  0.000000E+00,  8.596750E+03,  4.970996E-01
  8.310000E+03,  9.443865E-05,  0.000000E+00,  8.597000E+03,  4.969580E-01
  8.330000E+03,  9.339207E-05,  0.000000E+00,  8.597250E+03,  4.968184E-01
  8.350000E+03,  9.231367E-05,  0.000000E+00,  8.597500E+03,  4.966810E-01
  8.370000E+03,  9.169789E-05,  0.000000E+00,  8.597750E+03,  4.965458E-01
  8.390000E+03,  9.103888E-05,  0.000000E+00,  8.598000E+03,  4.964126E-01
  8.410000E+03,  9.016908E-05,  0.000000E+00,  8.598250E+03,  4.962816E-01
  8.430000E+03,  8.939780E-05,  0.000000E+00,  8.598500E+03,  4.961526E-01
  8.450000E+03,  8.830501E-05,  0.000000E+00,  8.598750E+03,  4.960259E-01
  8.470000E+03,  8.781291E-05,  4.372586E-05,  8.599000E+03,  4.959012E-01
  8.490000E+03,  8.696233E-05,  4.333542E-05,  8.599250E+03,  4.957787E-01
  8.510000E+03,  8.595510E-05,  4.259350E-05,  8.599500E+03,  4.956582E-01
  8.530000E+03,  8.544940E-05,  4.232121E-05,  8.599750E+03,  4.955399E-01
  8.550000E+03,  8.447807E-05,  4.180740E-05,  8.600000E+03,  4.954237E-01
  8.570000E+03,  8.429366E-05,  4.220903E-05,  8.600250E+03,  4.953097E-01
  8.590000E+03,  8.251348E-05,  4.130791E-05,  8.600500E+03,  4.951978E-01
  8.610000E+03,  8.216951E-05,  4.046993E-05,  8.600750E+03,  4.950880E-01
  8.630000E+03,  8.246996E-05,  4.083804E-05,  8.601000E+03,  4.949803E-01
  8.650000E+03,  8.098857E-05,  3.963889E-05,  8.601250E+03,  4.948747E-01
  8.670000E+03,  7.866792E-05,  3.745503E-05,  8.601500E+03,  4.947713E-01
  8.690000E+03,  8.039713E-05,  3.762809E-05,  8.601750E+03,  4.946700E-01
  8.710000E+03,  8.017603E-05,  0.000000E+00,  8.602000E+03,  4.945708E-01
  8.730000E+03,  7.860285E-05,  0.000000E+00,  8.602250E+03,  4.944737E-01
  8.750000E+03,  7.459966E-05,  0.000000E+00,  8.602500E+03,  4.943788E-01
  8.770000E+03,  7.672384E-05,  0.000000E+00,  8.602750E+03,  4.942859E-01
  8.790000E+03,  7.773202E-05,  0.000000E+00,  8.603000E+03,  4.941953E-01
  8.810000E+03,  7.732617E-05,  0.000000E+00,  8.603250E+03,  4.941067E-01
  8.830000E+03,  7.634518E-05,  0.000000E+00,  8.603500E+03,  4.940202E-01
  8.850000E+03,  7.323289E-05,  0.000000E+00,  8.603750E+03,  4.939359E-01
  8.870000E+03,  6.980737E-05,  0.000000E+00,  8.604000E+03,  4.938537E-01
  8.890000E+03,  7.396788E-05,  0.000000E+00,  8.604250E+03,  4.937736E-01
  8.910000E+03,  7.410156E-05,  0.000000E+00,  8.604500E+03,  4.936956E-01
  8.930000E+03,  7.354955E-05,  0.000000E+00,  8.604750E+03,  4.936198E-01
  8.950000E+03,  7.293672E-05,  0.000000E+00,  8.605000E+03,  4.935461E-01
  8.970000E+03,  7.229205E-05,  0.000000E+00,  8.605250E+03,  4.934745E-01
  8.990000E+03,  7.072735E-05,  0.000000E+00,  8.605500E+03,  4.934050E-01
  9.010000E+03,  6.534083E-05,  0.000000E+00,  8.605750E+03,  4.933377E-01
  9.030000E+03,  6.715650E-05,  0.000000E+00,  8.606000E+03,  4.932725E-01
  9.050000E+03,  6.951570E-05,  0.000000E+00,  8.606250E+03,  4.932094E-01
  9.070000E+03,  6.887361E-05,  0.000000E+00,  8.606500E+03,  4.931484E-01
  9.090000E+03,  6.865974E-05,  0.000000E+00,  8.606750E+03,  4.930895E-01
  9.110000E+03,  6.832682E-05,  0.000000E+00,  8.607000E+03,  4.930328E-01
  9.130000E+03,  6.777916E-05,  0.000000E+00,  8.607250E+03,  4.929782E-01
  9.150000E+03,  6.723468E-05,  0.000000E+00,  8.607500E+03,  4.929257E-01
  9.170000E+03,  6.643118E-05,  0.000000E+00,  8.607750E+03,  4.928753E-01
  9.190000E+03,  6.572119E-05,  0.000000E+00,  8.608000E+03,  4.928271E-01
  9.210000E+03,  6.351626E-05,  0.000000E+00,  8.608250E+03,  4.927810E-01
  9.230000E+03,  5.807357E-05,  0.000000E+00,  8.608500E+03,  4.927370E-01
  9.250000E+03,  6.241785E-05,  0.000000E+00,  8.608750E+03,  4.926951E-01
  9.270000E+03,  6.348172E-05,  0.000000E+00,  8.609000E+03,  4.926554E-01
  9.290000E+03,  6.318322E-05,  0.000000E+00,  8.609250E+03,  4.926178E-01
  9.310000E+03,  6.260580E-05,  0.000000E+00,  8.609500E+03,  4.925823E-01
  9.330000E+03,  6.217144E-05,  0.000000E+00,  8.609750E+03,  4.925489E-01
  9.350000E+03,  6.122894E-05,  0.000000E+00,  8.610000E+03,  4.925176E-01
  9.370000E+03,  6.118287E-05,  0.000000E+00,  8.610250E+03,  4.924885E-01
  9.390000E+03,  6.073340E-05,  0.000000E+00,  8.610500E+03,  4.924615E-01
  9.410000E+03,  6.016683E-05,  0.000000E+00,  8.610750E+03,  4.924366E-01
  9.430000E+03,  5.971039E-05,  0.000000E+00,  8.611000E+03,  4.924138E-01
  9.450000E+03,  5.921118E-05,  0.000000E+00,  8.611250E+03,  4.923932E-01
  9.470000E+03,  5.854561E-05,  0.000000E+00,  8.611500E+03,  4.923747E-01
  9.490000E+03,  5.813036E-05,  0.000000E+00,  8.611750E+03,  4.923583E-01
  9.510000E+03,  5.711316E-05,  0.000000E+00,  8.612000E+03,  4.923440E-01
  9.530000E+03,  5.519429E-05,  0.000000E+00,  8.612250E+03,  4.923319E-01
  9.550000E+03,  5.061196E-05,  0.000000E+00,  8.612500E+03,  4.923218E-01
  9.570000E+03,  5.509091E-05,  0.000000E+00,  8.612750E+03,  4.923139E-01
  9.590000E+03,  5.570079E-05,  0.000000E+00,  8.613000E+03,  4.923081E-01
  9.610000E+03,  5.530025E-05,  0.000000E+00,  8.613250E+03,  4.923045E-01
  9.630000E+03,  5.477312E-05,  0.000000E+00,  8.613500E+03,  4.923030E-01
  9.650000E+03,  5.463561E-05,  0.000000E+00,  8.613750E+03,  4.923036E-01
  9.670000E+03,  5.422238E-05,  0.000000E+00,  8.614000E+03,  4.923063E-01
  9.690000E+03,  5.375759E-05,  0.000000E+00,  8.614250E+03,  4.923111E-01
  9.710000E+03,  5.254739E-05,  0.000000E+00,  8.614500E+03,  4.923181E-01
  9.730000E+03,  5.280405E-05,  0.000000E+00,  8.614750E+03,  4.923272E-01
  9.750000E+03,  5.250174E-05,  0.000000E+00,  8.615000E+03,  4.923384E-01
  9.770000E+03,  5.204934E-05,  0.000000E+00,  8.615250E+03,  4.923517E-01
  9.790000E+03,  5.166336E-05,  0.000000E+00,  8.615500E+03,  4.923671E-01
  9.810000E+03,  5.122753E-05,  0.000000E+00,  8.615750E+03,  4.923847E-01
  9.830000E+03,  5.083979E-05,  0.000000E+00,  8.616000E+03,  4.924044E-01
  9.850000E+03,  5.042157E-05,  0.000000E+00,  8.616250E+03,  4.924262E-01
  9.870000E+03,  5.004477E-05,  0.000000E+00,  8.616500E+03,  4.924502E-01
  9.890000E+03,  4.958084E-05,  0.000000E+00,  8.616750E+03,  4.924762E-01
  9.910000E+03,  4.911656E-05,  0.000000E+00,  8.617000E+03,  4.925044E-01
  9.930000E+03,  4.887773E-05,  0.000000E+00,  8.617250E+03,  4.925347E-01
  9.950000E+03,  4.850157E-05,  0.000000E+00,  8.617500E+03,  4.925672E-01
  9.970000E+03,  4.810719E-05,  0.000000E+00,  8.617750E+03,  4.926017E-01
  9.990000E+03,  4.766788E-05,  0.000000E+00,  8.618000E+03,  4.926384E-01
  1.002500E+04,  4.555832E-05,  0.000000E+00,  8.618250E+03,  4.926772E-01
  1.007500E+04,  4.415925E-05,  0.000000E+00,  8.618500E+03,  4.927181E-01
  1.012500E+04,  4.478048E-05,  0.000000E+00,  8.618750E+03,  4.927612E-01
  1.017500E+04,  4.445468E-05,  0.000000E+00,  8.619000E+03,  4.928064E-01
  1.022500E+04,  4.358117E-05,  0.000000E+00,  8.619250E+03,  4.928537E-01
  1.027500E+04,  4.277293E-05,  0.000000E+00,  8.619500E+03,  4.929031E-01
  1.032500E+04,  4.184566E-05,  0.000000E+00,  8.619750E+03,  4.929546E-01
  1.037500E+04,  4.119837E-05,  0.000000E+00,  8.620000E+03,  4.930083E-01
  1.042500E+04,  4.040549E-05,  0.000000E+00,  8.620250E+03,  4.930641E-01
  1.047500E+04,  3.968582E-05,  0.000000E+00,  8.620500E+03,  4.931220E-01
  1.052500E+04,  3.894544E-05,  0.000000E+00,  8.620750E+03,  4.931820E-01
  1.057500E+04,  3.823705E-05,  0.000000E+00,  8.621000E+03,  4.932442E-01
  1.062500E+04,  3.753515E-05,  0.000000E+00,  8.621250E+03,  4.933085E-01
  1.067500E+04,  3.681721E-05,  0.000000E+00,  8.621500E+03,  4.933749E-01
  1.072500E+04,  3.618958E-05,  0.000000E+00,  8.621750E+03,  4.934434E-01
  1.077500E+04,  3.553513E-05,  0.000000E+00,  8.622000E+03,  4.935140E-01
  1.082500E+04,  3.461402E-05,  0.000000E+00,  8.622250E+03,  4.935868E-01
  1.087500E+04,  3.418869E-05,  0.000000E+00,  8.622500E+03,  4.936617E-01
  1.092500E+04,  3.158043E-05,  0.000000E+00,  8.622750E+03,  4.937387E-01
  1.097500E+04,  3.249683E-05,  0.000000E+00,  8.623000E+03,  4.938179E-01
  1.102500E+04,  3.235016E-05,  0.000000E+00,  8.623250E+03,  4.938969E-01
  1.107500E+04,  3.190149E-05,  0.000000E+00,  8.623500E+03,  4.939738E-01
  1.112500E+04,  3.135141E-05,  0.000000E+00,  8.623750E+03,  4.940484E-01
  1.117500E+04,  3.081650E-05,  0.000000E+00,  8.624000E+03,  4.941208E-01
  1.122500E+04,  3.027038E-05,  0.000000E+00,  8.624250E+03,  4.941909E-01
  1.127500E+04,  2.975426E-05,  0.000000E+00,  8.624500E+03,  4.942588E-01
  1.132500E+04,  2.922009E-05,  0.000000E+00,  8.624750E+03,  4.943245E-01
  1.137500E+04,  2.873283E-05,  0.000000E+00,  8.625000E+03,  4.943879E-01
  1.142500E+04,  2.824968E-05,  0.000000E+00,  8.625250E+03,  4.944491E-01
  1.147500E+04,  2.777039E-05,  0.000000E+00,  8.625500E+03,  4.945081E-01
  1.152500E+04,  2.731145E-05,  0.000000E+00,  8.625750E+03,  4.945648E-01
  1.157500E+04,  2.684359E-05,  0.000000E+00,  8.626000E+03,  4.946193E-01
  1.162500E+04,  2.630086E-05,  0.000000E+00,  8.626250E+03,  4.946715E-01
  1.167500E+04,  2.589044E-05,  0.000000E+00,  8.626500E+03,  4.947215E-01
  1.172500E+04,  2.553089E-05,  0.000000E+00,  8.626750E+03,  4.947693E-01
  1.177500E+04,  2.510751E-05,  0.000000E+00,  8.627000E+03,  4.948149E-01
  1.182500E+04,  2.467886E-05,  0.000000E+00,  8.627250E+03,  4.948582E-01
  1.187500E+04,  2.428281E-05,  0.000000E+00,  8.627500E+03,  4.948992E-01
  1.192500E+04,  2.388688E-05,  0.000000E+00,  8.627750E+03,  4.949381E-01
  1.197500E+04,  2.330042E-05,  0.000000E+00,  8.628000E+03,  4.949747E-01
  1.202500E+04,  2.312307E-05,  0.000000E+00,  8.628250E+03,  4.950090E-01
  1.207500E+04,  2.274295E-05,  0.000000E+00,  8.628500E+03,  4.950411E-01
  1.212500E+04,  2.236915E-05,  0.000000E+00,  8.628750E+03,  4.950710E-01
  1.217500E+04,  2.202385E-05,  0.000000E+00,  8.629000E+03,  4.950987E-01
  1.222500E+04,  2.167163E-05,  0.000000E+00,  8.629250E+03,  4.951241E-01
  1.227500E+04,  2.132863E-05,  0.000000E+00,  8.629500E+03,  4.951473E-01
  1.232500E+04,  2.098634E-05,  0.000000E+00,  8.629750E+03,  4.951682E-01
  1.237500E+04,  2.065694E-05,  0.000000E+00,  8.630000E+03,  4.951869E-01
  1.242500E+04,  2.033582E-05,  0.000000E+00,  8.630250E+03,  4.952034E-01
  1.247500E+04,  2.001266E-05,  0.000000E+00,  8.630500E+03,  4.952176E-01
  1.252500E+04,  1.966625E-05,  0.000000E+00,  8.630750E+03,  4.952296E-01
  1.257500E+04,  1.939179E-05,  0.000000E+00,  8.631000E+03,  4.952394E-01
  1.262500E+04,  1.909465E-05,  0.000000E+00,  8.631250E+03,  4.952469E-01
  1.267500E+04,  1.880560E-05,  0.000000E+00,  8.631500E+03,  4.952522E-01
  1.272500E+04,  1.851347E-05,  0.000000E+00,  8.631750E+03,  4.952553E-01
  1.277500E+04,  1.798402E-05,  0.000000E+00,  8.632000E+03,  4.952561E-01
  1.282500E+04,  1.683094E-05,  0.000000E+00,  8.632250E+03,  4.952547E-01
  1.287500E+04,  1.759755E-05,  0.000000E+00,  8.632500E+03,  4.952510E-01
  1.292500E+04,  1.741725E-05,  0.000000E+00,  8.632750E+03,  4.952451E-01
  1.297500E+04,  1.707251E-05,  0.000000E+00,  8.633000E+03,  4.952370E-01
  1.302500E+04,  1.688515E-05,  0.000000E+00,  8.633250E+03,  4.952266E-01
  1.307500E+04,  1.664533E-05,  0.000000E+00,  8.633500E+03,  4.952140E-01
  1.312500E+04,  1.639778E-05,  0.000000E+00,  8.633750E+03,  4.951992E-01
  1.317500E+04,  1.615441E-05,  0.000000E+00,  8.634000E+03,  4.951821E-01
  1.322500E+04,  1.591565E-05,  0.000000E+00,  8.634250E+03,  4.951628E-01
  1.327500E+04,  1.568129E-05,  0.000000E+00,  8.634500E+03,  4.951412E-01
  1.332500E+04,  1.544937E-05,  0.000000E+00,  8.634750E+03,  4.951175E-01
  1.337500E+04,  1.521753E-05,  0.000000E+00,  8.635000E+03,  4.950914E-01
  1.342500E+04,  1.499154E-05,  0.000000E+00,  8.635250E+03,  4.950632E-01
  1.347500E+04,  1.478254E-05,  0.000000E+00,  8.635500E+03,  4.950327E-01
  1.352500E+04,  1.456231E-05,  0.000000E+00,  8.635750E+03,  4.950000E-01
  1.357500E+04,  1.436063E-05,  0.000000E+00,  8.636000E+03,  4.949650E-01
  1.362500E+04,  1.414262E-05,  0.000000E+00,  8.636250E+03,  4.949278E-01
  1.367500E+04,  1.395234E-05,  0.000000E+00,  8.636500E+03,  4.948884E-01
  1.372500E+04,  1.374105E-05,  0.000000E+00,  8.636750E+03,  4.948467E-01
  1.377500E+04,  1.355910E-05,  0.000000E+00,  8.637000E+03,  4.948028E-01
  1.382500E+04,  1.336738E-05,  0.000000E+00,  8.637250E+03,  4.947566E-01
  1.387500E+04,  1.317834E-05,  0.000000E+00,  8.637500E+03,  4.947083E-01
  1.392500E+04,  1.298586E-05,  0.000000E+00,  8.637750E+03,  4.946576E-01
  1.397500E+04,  1.281064E-05,  0.000000E+00,  8.638000E+03,  4.946048E-01
  1.402500E+04,  1.262446E-05,  0.000000E+00,  8.638250E+03,  4.945497E-01
  1.407500E+04,  1.245691E-05,  0.000000E+00,  8.638500E+03,  4.944924E-01
  1.412500E+04,  1.228234E-05,  0.000000E+00,  8.638750E+03,  4.944328E-01
  1.417500E+04,  1.211378E-05,  0.000000E+00,  8.639000E+03,  4.943710E-01
  1.422500E+04,  1.194776E-05,  0.000000E+00,  8.639250E+03,  4.943070E-01
  1.427500E+04,  1.178256E-05,  0.000000E+00,  8.639500E+03,  4.942407E-01
  1.432500E+04,  1.162233E-05,  0.000000E+00,  8.639750E+03,  4.941722E-01
  1.437500E+04,  1.146368E-05,  0.000000E+00,  8.640000E+03,  4.941015E-01
  1.442500E+04,  1.130888E-05,  0.000000E+00,  8.640250E+03,  4.940285E-01
  1.447500E+04,  1.115574E-05,  0.000000E+00,  8.640500E+03,  4.939533E-01
  1.452500E+04,  1.100494E-05,  0.000000E+00,  8.640750E+03,  4.938758E-01
  1.457000E+04,  1.087130E-05,  0.000000E+00,  8.641000E+03,  4.937961E-01
  1.462000E+04,  1.072712E-05,  0.000000E+00,  8.641250E+03,  4.937142E-01
  1.467500E+04,  1.057012E-05,  0.000000E+00,  8.641500E+03,  4.936301E-01
  1.472500E+04,  1.042890E-05,  0.000000E+00,  8.641750E+03,  4.935437E-01
  1.477500E+04,  1.026901E-05,  0.000000E+00,  8.642000E+03,  4.934550E-01
  1.482500E+04,  1.015583E-05,  0.000000E+00,  8.642250E+03,  4.933642E-01
  1.487500E+04,  1.002266E-05,  0.000000E+00,  8.642500E+03,  4.932711E-01
  1.492500E+04,  9.891225E-06,  0.000000E+00,  8.642750E+03,  4.931757E-01
  1.497500E+04,  9.762134E-06,  0.000000E+00,  8.643000E+03,  4.930781E-01
  1.502500E+04,  9.633224E-06,  0.000000E+00,  8.643250E+03,  4.929783E-01
  1.507500E+04,  9.498045E-06,  0.000000E+00,  8.643500E+03,  4.928763E-01
  1.512500E+04,  9.386679E-06,  0.000000E+00,  8.643750E+03,  4.927720E-01
  1.517500E+04,  9.265437E-06,  0.000000E+00,  8.644000E+03,  4.926654E-01
  1.522500E+04,  9.146106E-06,  0.000000E+00,  8.644250E+03,  4.925567E-01
  1.527500E+04,  9.027819E-06,  0.000000E+00,  8.644500E+03,  4.924457E-01
  1.532500E+04,  8.911349E-06,  0.000000E+00,  8.644750E+03,  4.923325E-01
  1.537500E+04,  8.798660E-06,  0.000000E+00,  8.645000E+03,  4.922170E-01
  1.542500E+04,  8.681907E-06,  0.000000E+00,  8.645250E+03,  4.920993E-01
  1.547500E+04,  8.575989E-06,  0.000000E+00,  8.645500E+03,  4.919794E-01
  1.552500E+04,  8.465612E-06,  0.000000E+00,  8.645750E+03,  4.918572E-01
  1.557500E+04,  8.348072E-06,  0.000000E+00,  8.646000E+03,  4.917328E-01
  1.562500E+04,  8.262084E-06,  0.000000E+00,  8.646250E+03,  4.916061E-01
  1.567500E+04,  8.139997E-06,  0.000000E+00,  8.646500E+03,  4.914772E-01
  1.572500E+04,  8.027515E-06,  0.000000E+00,  8.646750E+03,  4.913461E-01
  1.577500E+04,  7.960942E-06,  0.000000E+00,  8.647000E+03,  4.912128E-01
  1.582500E+04,  7.857461E-06,  0.000000E+00,  8.647250E+03,  4.910772E-01
  1.587500E+04,  7.694273E-06,  0.000000E+00,  8.647500E+03,  4.909393E-01
  1.592500E+04,  7.649056E-06,  0.000000E+00,  8.647750E+03,  4.907992E-01
  1.597500E+04,  7.583416E-06,  0.000000E+00,  8.648000E+03,  4.906570E-01
  1.605000E+04,  7.422736E-06,  0.000000E+00,  8.648250E+03,  4.905124E-01
  1.615000E+04,  7.196822E-06,  0.000000E+00,  8.648500E+03,  4.903657E-01
  1.625000E+04,  7.105449E-06,  0.000000E+00,  8.648750E+03,  4.902166E-01
  1.635000E+04,  6.887799E-06,  0.000000E+00,  8.649000E+03,  4.900654E-01
  1.645000E+04,  6.660489E-06,  0.000000E+00,  8.649250E+03,  4.899119E-01
  1.655000E+04,  6.614765E-06,  0.000000E+00,  8.649500E+03,  4.897562E-01
  1.665000E+04,  6.460578E-06,  0.000000E+00,  8.649750E+03,  4.895982E-01
  1.675000E+04,  6.249075E-06,  0.000000E+00,  8.650000E+03,  4.894380E-01
  1.685000E+04,  6.030454E-06,  0.000000E+00,  8.650250E+03,  4.892756E-01
  1.695000E+04,  6.017760E-06,  0.000000E+00,  8.650500E+03,  4.891120E-01
  1.705000E+04,  5.855812E-06,  0.000000E+00,  8.650750E+03,  4.889483E-01
  1.715000E+04,  5.747460E-06,  0.000000E+00,  8.651000E+03,  4.887846E-01
  1.725000E+04,  5.611798E-06,  0.000000E+00,  8.651250E+03,  4.886208E-01
  1.735000E+04,  5.319771E-06,  0.000000E+00,  8.651500E+03,  4.884569E-01
  1.745000E+04,  5.345486E-06,  0.000000E+00,  8.651750E+03,  4.882929E-01
  1.755000E+04,  5.246558E-06,  0.000000E+00,  8.652000E+03,  4.881289E-01
  1.765000E+04,  5.129987E-06,  0.000000E+00,  8.652250E+03,  4.879648E-01
  1.775000E+04,  5.016002E-06,  0.000000E+00,  8.652500E+03,  4.878006E-01
  1.785000E+04,  4.905069E-06,  0.000000E+00,  8.652750E+03,  4.876363E-01
  1.795000E+04,  4.798857E-06,  0.000000E+00,  8.653000E+03,  4.874719E-01
  1.805000E+04,  4.691940E-06,  0.000000E+00,  8.653250E+03,  4.873075E-01
  1.815000E+04,  4.446151E-06,  0.000000E+00,  8.653500E+03,  4.871430E-01
  1.825000E+04,  4.462225E-06,  0.000000E+00,  8.653750E+03,  4.869784E-01
  1.835000E+04,  4.397680E-06,  0.000000E+00,  8.654000E+03,  4.868138E-01
  1.845000E+04,  4.303806E-06,  0.000000E+00,  8.654250E+03,  4.866490E-01
  1.855000E+04,  4.208789E-06,  0.000000E+00,  8.654500E+03,  4.864842E-01
  1.865000E+04,  4.084248E-06,  0.000000E+00,  8.654750E+03,  4.863193E-01
  1.875000E+04,  3.894740E-06,  0.000000E+00,  8.655000E+03,  4.861543E-01
  1.885000E+04,  3.950015E-06,  0.000000E+00,  8.655250E+03,  4.859893E-01
  1.895000E+04,  3.870642E-06,  0.000000E+00,  8.655500E+03,  4.858242E-01
  1.905000E+04,  3.780419E-06,  0.000000E+00,  8.655750E+03,  4.856590E-01
  1.915000E+04,  3.713577E-06,  0.000000E+00,  8.656000E+03,  4.854937E-01
  1.925000E+04,  3.637955E-06,  0.000000E+00,  8.656250E+03,  4.853284E-01
  1.935000E+04,  3.556668E-06,  0.000000E+00,  8.656500E+03,  4.851629E-01
  1.945000E+04,  3.356905E-06,  0.000000E+00,  8.656750E+03,  4.849974E-01
  1.955000E+04,  3.411180E-06,  0.000000E+00,  8.657000E+03,  4.848318E-01
  1.965000E+04,  3.353159E-06,  0.000000E+00,  8.657250E+03,  4.846662E-01
  1.975000E+04,  3.286379E-06,  0.000000E+00,  8.657500E+03,  4.845004E-01
  1.985000E+04,  3.221005E-06,  0.000000E+00,  8.657750E+03,  4.843346E-01
  1.995000E+04,  3.157480E-06,  0.000000E+00,  8.658000E+03,  4.841687E-01
  2.005000E+04,  3.095674E-06,  0.000000E+00,  8.658250E+03,  4.840028E-01
  2.015000E+04,  3.035193E-06,  0.000000E+00,  8.658500E+03,  4.838367E-01
  2.025000E+04,  2.976208E-06,  0.000000E+00,  8.658750E+03,  4.836706E-01
  2.035000E+04,  2.918598E-06,  0.000000E+00,  8.659000E+03,  4.835044E-01
  2.045000E+04,  2.861766E-06,  0.000000E+00,  8.659250E+03,  4.833381E-01
  2.055000E+04,  2.803316E-06,  0.000000E+00,  8.659500E+03,  4.831718E-01
  2.065000E+04,  2.754024E-06,  0.000000E+00,  8.659750E+03,  4.830054E-01
  2.075000E+04,  2.701442E-06,  0.000000E+00,  8.660000E+03,  4.828389E-01
  2.085000E+04,  2.650652E-06,  0.000000E+00,  8.660250E+03,  4.826723E-01
  2.095000E+04,  2.600660E-06,  0.000000E+00,  8.660500E+03,  4.825056E-01
  2.105000E+04,  2.551642E-06,  0.000000E+00,  8.660750E+03,  4.823389E-01
  2.115000E+04,  2.497180E-06,  0.000000E+00,  8.661000E+03,  4.821721E-01
  2.125000E+04,  2.458142E-06,  0.000000E+00,  8.661250E+03,  4.820052E-01
  2.135000E+04,  2.412673E-06,  0.000000E+00,  8.661500E+03,  4.818382E-01
  2.145000E+04,  2.367932E-06,  0.000000E+00,  8.661750E+03,  4.816712E-01
  2.155000E+04,  2.321118E-06,  0.000000E+00,  8.662000E+03,  4.815041E-01
  2.165000E+04,  2.189930E-06,  0.000000E+00,  8.662250E+03,  4.813369E-01
  2.175000E+04,  2.232874E-06,  0.000000E+00,  8.662500E+03,  4.811696E-01
  2.185000E+04,  2.199945E-06,  0.000000E+00,  8.662750E+03,  4.810022E-01
  2.195000E+04,  2.161370E-06,  0.000000E+00,  8.663000E+03,  4.808348E-01
  2.205000E+04,  2.122707E-06,  0.000000E+00,  8.663250E+03,  4.806673E-01
  2.215000E+04,  2.084914E-06,  0.000000E+00,  8.663500E+03,  4.804997E-01
  2.225000E+04,  2.047768E-06,  0.000000E+00,  8.663750E+03,  4.803321E-01
  2.235000E+04,  2.011832E-06,  0.000000E+00,  8.664000E+03,  4.801643E-01
  2.245000E+04,  1.976486E-06,  0.000000E+00,  8.664250E+03,  4.799965E-01
  2.255000E+04,  1.941910E-06,  0.000000E+00,  8.664500E+03,  4.798287E-01
  2.265000E+04,  1.908042E-06,  0.000000E+00,  8.664750E+03,  4.796607E-01
  2.275000E+04,  1.874957E-06,  0.000000E+00,  8.665000E+03,  4.794927E-01
  2.285000E+04,  1.842553E-06,  0.000000E+00,  8.665250E+03,  4.793245E-01
  2.295000E+04,  1.810962E-06,  0.000000E+00,  8.665500E+03,  4.791563E-01
  2.305000E+04,  1.779866E-06,  0.000000E+00,  8.665750E+03,  4.789881E-01
  2.315000E+04,  1.749779E-06,  0.000000E+00,  8.666000E+03,  4.788197E-01
  2.325000E+04,  1.720124E-06,  0.000000E+00,  8.666250E+03,  4.786513E-01
  2.335000E+04,  1.691052E-06,  0.000000E+00,  8.666500E+03,  4.784828E-01
  2.345000E+04,  1.662471E-06,  0.000000E+00,  8.666750E+03,  4.783142E-01
  2.355000E+04,  1.634607E-06,  0.000000E+00,  8.667000E+03,  4.781456E-01
  2.365000E+04,  1.607317E-06,  0.000000E+00,  8.667250E+03,  4.779768E-01
  2.375000E+04,  1.580583E-06,  0.000000E+00,  8.667500E+03,  4.778080E-01
  2.385000E+04,  1.554488E-06,  0.000000E+00,  8.667750E+03,  4.776391E-01
  2.395000E+04,  1.528795E-06,  0.000000E+00,  8.668000E+03,  4.774702E-01
  2.405000E+04,  1.503701E-06,  0.000000E+00,  8.668250E+03,  4.773012E-01
  2.415000E+04,  1.479111E-06,  0.000000E+00,  8.668500E+03,  4.771320E-01
  2.425000E+04,  1.454473E-06,  0.000000E+00,  8.668750E+03,  4.769628E-01
  2.435000E+04,  1.431536E-06,  0.000000E+00,  8.669000E+03,  4.767936E-01
  2.445000E+04,  1.408350E-06,  0.000000E+00,  8.669250E+03,  4.766242E-01
  2.455000E+04,  1.386040E-06,  0.000000E+00,  8.669500E+03,  4.764548E-01
  2.465000E+04,  1.363311E-06,  0.000000E+00,  8.669750E+03,  4.762853E-01
  2.475000E+04,  1.340083E-06,  0.000000E+00,  8.670000E+03,  4.761157E-01
  2.485000E+04,  1.321128E-06,  0.000000E+00,  8.670250E+03,  4.759461E-01
  2.495000E+04,  1.298448E-06,  0.000000E+00,  8.670500E+03,  4.757763E-01
  2.505000E+04,  1.279986E-06,  0.000000E+00,  8.670750E+03,  4.756065E-01
  2.515000E+04,  1.260004E-06,  0.000000E+00,  8.671000E+03,  4.754366E-01
  2.525000E+04,  1.237208E-06,  0.000000E+00,  8.671250E+03,  4.752667E-01
  2.535000E+04,  1.220369E-06,  0.000000E+00,  8.671500E+03,  4.750966E-01
  2.545000E+04,  1.203326E-06,  0.000000E+00,  8.671750E+03,  4.749265E-01
  2.555000E+04,  1.182490E-06,  0.000000E+00,  8.672000E+03,  4.747563E-01
  2.565000E+04,  1.160412E-06,  0.000000E+00,  8.672250E+03,  4.745861E-01
  2.575000E+04,  1.146880E-06,  0.000000E+00,  8.672500E+03,  4.744157E-01
  2.585000E+04,  1.130867E-06,  0.000000E+00,  8.672750E+03,  4.742453E-01
  2.595000E+04,  1.113442E-06,  0.000000E+00,  8.673000E+03,  4.740748E-01
  2.605000E+04,  1.092461E-06,  0.000000E+00,  8.673250E+03,  4.739042E-01
  2.615000E+04,  1.067471E-06,  0.000000E+00,  8.673500E+03,  4.737336E-01
  2.625000E+04,  1.018757E-06,  0.000000E+00,  8.673750E+03,  4.735628E-01
  2.635000E+04,  1.042559E-06,  0.000000E+00,  8.674000E+03,  4.733920E-01
  2.645000E+04,  1.032007E-06,  0.000000E+00,  8.674250E+03,  4.732212E-01
  2.655000E+04,  1.016074E-06,  0.000000E+00,  8.674500E+03,  4.730502E-01
  2.665000E+04,  9.986884E-07,  0.000000E+00,  8.674750E+03,  4.728792E-01
  2.675000E+04,  9.741464E-07,  0.000000E+00,  8.675000E+03,  4.727080E-01
  2.685000E+04,  9.690719E-07,  0.000000E+00,  8.675250E+03,  4.725369E-01
  2.695000E+04,  9.579533E-07,  0.000000E+00,  8.675500E+03,  4.723656E-01
  2.705000E+04,  9.439439E-07,  0.000000E+00,  8.675750E+03,  4.721943E-01
  2.715000E+04,  9.301813E-07,  0.000000E+00,  8.676000E+03,  4.720228E-01
  2.725000E+04,  9.166482E-07,  0.000000E+00,  8.676250E+03,  4.718513E-01
  2.735000E+04,  9.033541E-07,  0.000000E+00,  8.676500E+03,  4.716797E-01
  2.745000E+04,  8.889772E-07,  0.000000E+00,  8.676750E+03,  4.715081E-01
  2.755000E+04,  8.628704E-07,  0.000000E+00,  8.677000E+03,  4.713364E-01
  2.765000E+04,  8.580334E-07,  0.000000E+00,  8.677250E+03,  4.711646E-01
  2.775000E+04,  8.522616E-07,  0.000000E+00,  8.677500E+03,  4.709927E-01
  2.785000E+04,  8.404512E-07,  0.000000E+00,  8.677750E+03,  4.708230E-01
  2.795000E+04,  8.285667E-07,  0.000000E+00,  8.678000E+03,  4.706579E-01
  2.805000E+04,  8.168050E-07,  0.000000E+00,  8.678250E+03,  4.704972E-01
  2.815000E+04,  8.053523E-07,  0.000000E+00,  8.678500E+03,  4.703411E-01
  2.825000E+04,  7.940535E-07,  0.000000E+00,  8.678750E+03,  4.701894E-01
  2.835000E+04,  7.829692E-07,  0.000000E+00,  8.679000E+03,  4.700423E-01
  2.845000E+04,  7.720599E-07,  0.000000E+00,  8.679250E+03,  4.698996E-01
  2.855000E+04,  7.609685E-07,  0.000000E+00,  8.679500E+03,  4.697615E-01
  2.865000E+04,  7.455671E-07,  0.000000E+00,  8.679750E+03,  4.696279E-01
  2.875000E+04,  7.225652E-07,  0.000000E+00,  8.680000E+03,  4.694987E-01
  2.885000E+04,  7.284852E-07,  0.000000E+00,  8.680250E+03,  4.693741E-01
  2.895000E+04,  7.202878E-07,  0.000000E+00,  8.680500E+03,  4.692540E-01
  2.905000E+04,  7.104500E-07,  0.000000E+00,  8.680750E+03,  4.691384E-01
  2.915000E+04,  7.007914E-07,  0.000000E+00,  8.681000E+03,  4.690273E-01
  2.925000E+04,  6.912863E-07,  0.000000E+00,  8.681250E+03,  4.689207E-01
  2.935000E+04,  6.819223E-07,  0.000000E+00,  8.681500E+03,  4.688186E-01
  2.945000E+04,  6.727452E-07,  0.000000E+00,  8.681750E+03,  4.687210E-01
  2.955000E+04,  6.637405E-07,  0.000000E+00,  8.682000E+03,  4.686279E-01
  2.965000E+04,  6.548662E-07,  0.000000E+00,  8.682250E+03,  4.685393E-01
  2.975000E+04,  6.461196E-07,  0.000000E+00,  8.682500E+03,  4.684553E-01
  2.985000E+04,  6.375306E-07,  0.000000E+00,  8.682750E+03,  4.683757E-01
  2.995000E+04,  6.290800E-07,  0.000000E+00,  8.683000E+03,  4.683006E-01
  3.005000E+04,  6.207914E-07,  0.000000E+00,  8.683250E+03,  4.682301E-01
  3.015000E+04,  6.125317E-07,  0.000000E+00,  8.683500E+03,  4.681640E-01
  3.025000E+04,  6.036697E-07,  0.000000E+00,  8.683750E+03,  4.681025E-01
  3.035000E+04,  5.824621E-07,  0.000000E+00,  8.684000E+03,  4.680454E-01
  3.045000E+04,  5.803819E-07,  0.000000E+00,  8.684250E+03,  4.679929E-01
  3.055000E+04,  5.807037E-07,  0.000000E+00,  8.684500E+03,  4.679448E-01
  3.065000E+04,  5.736104E-07,  0.000000E+00,  8.684750E+03,  4.679013E-01
  3.075000E+04,  5.661472E-07,  0.000000E+00,  8.685000E+03,  4.678623E-01
  3.085000E+04,  5.587712E-07,  0.000000E+00,  8.685250E+03,  4.678277E-01
  3.095000E+04,  5.518766E-07,  0.000000E+00,  8.685500E+03,  4.677977E-01
  3.105000E+04,  5.447931E-07,  0.000000E+00,  8.685750E+03,  4.677722E-01
  3.115000E+04,  5.378619E-07,  0.000000E+00,  8.686000E+03,  4.677512E-01
  3.125000E+04,  5.310037E-07,  0.000000E+00,  8.686250E+03,  4.677347E-01
  3.135000E+04,  5.243154E-07,  0.000000E+00,  8.686500E+03,  4.677227E-01
  3.145000E+04,  5.176754E-07,  0.000000E+00,  8.686750E+03,  4.677152E-01
  3.155000E+04,  5.111929E-07,  0.000000E+00,  8.687000E+03,  4.677122E-01
  3.165000E+04,  5.047693E-07,  0.000000E+00,  8.687250E+03,  4.677137E-01
  3.175000E+04,  4.984664E-07,  0.000000E+00,  8.687500E+03,  4.677198E-01
  3.185000E+04,  4.922383E-07,  0.000000E+00,  8.687750E+03,  4.677303E-01
  3.195000E+04,  4.861252E-07,  0.000000E+00,  8.688000E+03,  4.677453E-01
  3.210000E+04,  4.771362E-07,  0.000000E+00,  8.688250E+03,  4.677649E-01
  3.230000E+04,  4.654508E-07,  0.000000E+00,  8.688500E+03,  4.677889E-01
  3.250000E+04,  4.541410E-07,  0.000000E+00,  8.688750E+03,  4.678175E-01
  3.270000E+04,  4.431335E-07,  0.000000E+00,  8.689000E+03,  4.678505E-01
  3.290000E+04,  4.231285E-07,  0.000000E+00,  8.689250E+03,  4.678881E-01
  3.310000E+04,  4.199793E-07,  0.000000E+00,  8.689500E+03,  4.679301E-01
  3.330000E+04,  4.123653E-07,  0.000000E+00,  8.689750E+03,  4.679767E-01
  3.350000E+04,  4.028546E-07,  0.000000E+00,  8.690000E+03,  4.680277E-01
  3.370000E+04,  3.933946E-07,  0.000000E+00,  8.690250E+03,  4.680833E-01
  3.390000E+04,  3.842088E-07,  0.000000E+00,  8.690500E+03,  4.681434E-01
  3.410000E+04,  3.752885E-07,  0.000000E+00,  8.690750E+03,  4.682080E-01
  3.430000E+04,  3.666234E-07,  0.000000E+00,  8.691000E+03,  4.682771E-01
  3.450000E+04,  3.582187E-07,  0.000000E+00,  8.691250E+03,  4.683506E-01
  3.470000E+04,  3.500515E-07,  0.000000E+00,  8.691500E+03,  4.684288E-01
  3.490000E+04,  3.421067E-07,  0.000000E+00,  8.691750E+03,  4.685114E-01
  3.510000E+04,  3.343810E-07,  0.000000E+00,  8.692000E+03,  4.685985E-01
  3.530000E+04,  3.268913E-07,  0.000000E+00,  8.692250E+03,  4.686901E-01
  3.550000E+04,  3.195960E-07,  0.000000E+00,  8.692500E+03,  4.687862E-01
  3.570000E+04,  3.124890E-07,  0.000000E+00,  8.692750E+03,  4.688868E-01
  3.590000E+04,  3.055921E-07,  0.000000E+00,  8.693000E+03,  4.689920E-01
  3.610000E+04,  2.988978E-07,  0.000000E+00,  8.693250E+03,  4.691016E-01
  3.630000E+04,  2.923746E-07,  0.000000E+00,  8.693500E+03,  4.692157E-01
  3.650000E+04,  2.860221E-07,  0.000000E+00,  8.693750E+03,  4.693344E-01
  3.670000E+04,  2.798484E-07,  0.000000E+00,  8.694000E+03,  4.694575E-01
  3.690000E+04,  2.738272E-07,  0.000000E+00,  8.694250E+03,  4.695852E-01
  3.710000E+04,  2.676334E-07,  0.000000E+00,  8.694500E+03,  4.697173E-01
  3.730000E+04,  2.590574E-07,  0.000000E+00,  8.694750E+03,  4.698540E-01
  3.750000E+04,  2.522172E-07,  0.000000E+00,  8.695000E+03,  4.699951E-01
  3.770000E+04,  2.512427E-07,  0.000000E+00,  8.695250E+03,  4.701408E-01
  3.790000E+04,  2.460881E-07,  0.000000E+00,  8.695500E+03,  4.702910E-01
  3.810000E+04,  2.406976E-07,  0.000000E+00,  8.695750E+03,  4.704457E-01
  3.830000E+04,  2.357702E-07,  0.000000E+00,  8.696000E+03,  4.706049E-01
  3.850000E+04,  2.311168E-07,  0.000000E+00,  8.696250E+03,  4.707685E-01
  3.870000E+04,  2.263739E-07,  0.000000E+00,  8.696500E+03,  4.709367E-01
  3.890000E+04,  2.216980E-07,  0.000000E+00,  8.696750E+03,  4.711094E-01
  3.910000E+04,  2.165742E-07,  0.000000E+00,  8.697000E+03,  4.712867E-01
  3.930000E+04,  2.128648E-07,  0.000000E+00,  8.697250E+03,  4.714684E-01
  3.950000E+04,  2.085951E-07,  0.000000E+00,  8.697500E+03,  4.716546E-01
  3.970000E+04,  2.044289E-07,  0.000000E+00,  8.697750E+03,  4.718453E-01
  3.990000E+04,  2.003661E-07,  0.000000E+00,  8.698000E+03,  4.720405E-01
  4.010000E+04,  1.958650E-07,  0.000000E+00,  8.698250E+03,  4.722402E-01
  4.030000E+04,  1.914166E-07,  0.000000E+00,  8.698500E+03,  4.724445E-01
  4.050000E+04,  1.844159E-07,  0.000000E+00,  8.698750E+03,  4.726532E-01
  4.070000E+04,  1.849595E-07,  0.000000E+00,  8.699000E+03,  4.728664E-01
  4.090000E+04,  1.814744E-07,  0.000000E+00,  8.699250E+03,  4.730842E-01
  4.110000E+04,  1.779736E-07,  0.000000E+00,  8.699500E+03,  4.733064E-01
  4.130000E+04,  1.744414E-07,  0.000000E+00,  8.699750E+03,  4.735332E-01
  4.150000E+04,  1.711033E-07,  0.000000E+00,  8.700000E+03,  4.737645E-01
  4.170000E+04,  1.665074E-07,  0.000000E+00,  8.700250E+03,  0.000000E+00
  4.190000E+04,  1.646080E-07,  0.000000E+00,  0.000000E+00,  0.000000E+00
  4.210000E+04,  1.616559E-07,  0.000000E+00,  0.000000E+00,  0.000000E+00
  4.230000E+04,  1.586224E-07,  0.000000E+00,  0.000000E+00,  0.000000E+00
  4.250000E+04,  1.556086E-07,  0.000000E+00,  0.000000E+00,  0.000000E+00
  4.270000E+04,  1.527596E-07,  0.000000E+00,  0.000000E+00,  0.000000E+00
  4.290000E+04,  1.497677E-07,  0.000000E+00,  0.000000E+00,  0.000000E+00
  4.310000E+04,  1.471669E-07,  0.000000E+00,  0.000000E+00,  0.000000E+00
  4.330000E+04,  1.444657E-07,  0.000000E+00,  0.000000E+00,  0.000000E+00
  4.350000E+04,  1.418066E-07,  0.000000E+00,  0.000000E+00,  0.000000E+00
  4.370000E+04,  1.376893E-07,  0.000000E+00,  0.000000E+00,  0.000000E+00
  4.390000E+04,  1.361862E-07,  0.000000E+00,  0.000000E+00,  0.000000E+00
  4.410000E+04,  1.342614E-07,  0.000000E+00,  0.000000E+00,  0.000000E+00
  4.430000E+04,  1.318544E-07,  0.000000E+00,  0.000000E+00,  0.000000E+00
  4.450000E+04,  1.294988E-07,  0.000000E+00,  0.000000E+00,  0.000000E+00
  4.470000E+04,  1.272737E-07,  0.000000E+00,  0.000000E+00,  0.000000E+00
  4.490000E+04,  1.250192E-07,  0.000000E+00,  0.000000E+00,  0.000000E+00
  4.510000E+04,  1.228113E-07,  0.000000E+00,  0.000000E+00,  0.000000E+00
  4.530000E+04,  1.206579E-07,  0.000000E+00,  0.000000E+00,  0.000000E+00
  4.550000E+04,  1.185502E-07,  0.000000E+00,  0.000000E+00,  0.000000E+00
  4.570000E+04,  1.164879E-07,  0.000000E+00,  0.000000E+00,  0.000000E+00
  4.590000E+04,  1.144687E-07,  0.000000E+00,  0.000000E+00,  0.000000E+00
  4.610000E+04,  1.124693E-07,  0.000000E+00,  0.000000E+00,  0.000000E+00
  4.630000E+04,  1.104388E-07,  0.000000E+00,  0.000000E+00,  0.000000E+00
  4.650000E+04,  1.054572E-07,  0.000000E+00,  0.000000E+00,  0.000000E+00
  4.670000E+04,  1.047451E-07,  0.000000E+00,  0.000000E+00,  0.000000E+00
  4.690000E+04,  1.045616E-07,  0.000000E+00,  0.000000E+00,  0.000000E+00
  4.710000E+04,  1.032339E-07,  0.000000E+00,  0.000000E+00,  0.000000E+00
  4.730000E+04,  1.014953E-07,  0.000000E+00,  0.000000E+00,  0.000000E+00
  4.750000E+04,  9.979055E-08,  0.000000E+00,  0.000000E+00,  0.000000E+00
  4.770000E+04,  9.813036E-08,  0.000000E+00,  0.000000E+00,  0.000000E+00
  4.790000E+04,  9.649960E-08,  0.000000E+00,  0.000000E+00,  0.000000E+00
  4.810000E+04,  9.490281E-08,  0.000000E+00,  0.000000E+00,  0.000000E+00
  4.830000E+04,  9.333941E-08,  0.000000E+00,  0.000000E+00,  0.000000E+00
  4.850000E+04,  9.180705E-08,  0.000000E+00,  0.000000E+00,  0.000000E+00
  4.870000E+04,  9.030604E-08,  0.000000E+00,  0.000000E+00,  0.000000E+00
  4.890000E+04,  8.883614E-08,  0.000000E+00,  0.000000E+00,  0.000000E+00
  4.910000E+04,  8.739488E-08,  0.000000E+00,  0.000000E+00,  0.000000E+00
  4.930000E+04,  8.598435E-08,  0.000000E+00,  0.000000E+00,  0.000000E+00
  4.950000E+04,  8.460058E-08,  0.000000E+00,  0.000000E+00,  0.000000E+00
  4.970000E+04,  8.324490E-08,  0.000000E+00,  0.000000E+00,  0.000000E+00
  4.990000E+04,  8.191665E-08,  0.000000E+00,  0.000000E+00,  0.000000E+00
  5.010000E+04,  8.061445E-08,  0.000000E+00,  0.000000E+00,  0.000000E+00
  5.030000E+04,  7.933817E-08,  0.000000E+00,  0.000000E+00,  0.000000E+00
  5.050000E+04,  7.808684E-08,  0.000000E+00,  0.000000E+00,  0.000000E+00
  5.070000E+04,  7.685944E-08,  0.000000E+00,  0.000000E+00,  0.000000E+00
  5.090000E+04,  7.565760E-08,  0.000000E+00,  0.000000E+00,  0.000000E+00
  5.110000E+04,  7.425440E-08,  0.000000E+00,  0.000000E+00,  0.000000E+00
  5.130000E+04,  7.167661E-08,  0.000000E+00,  0.000000E+00,  0.000000E+00
  5.150000E+04,  7.204605E-08,  0.000000E+00,  0.000000E+00,  0.000000E+00
  5.170000E+04,  7.107417E-08,  0.000000E+00,  0.000000E+00,  0.000000E+00
  5.190000E+04,  6.998294E-08,  0.000000E+00,  0.000000E+00,  0.000000E+00
  5.210000E+04,  6.891309E-08,  0.000000E+00,  0.000000E+00,  0.000000E+00
  5.230000E+04,  6.786285E-08,  0.000000E+00,  0.000000E+00,  0.000000E+00
  5.250000E+04,  6.683249E-08,  0.000000E+00,  0.000000E+00,  0.000000E+00
  5.270000E+04,  6.582240E-08,  0.000000E+00,  0.000000E+00,  0.000000E+00
  5.290000E+04,  6.483040E-08,  0.000000E+00,  0.000000E+00,  0.000000E+00
  5.310000E+04,  6.385731E-08,  0.000000E+00,  0.000000E+00,  0.000000E+00
  5.330000E+04,  6.290225E-08,  0.000000E+00,  0.000000E+00,  0.000000E+00
  5.350000E+04,  6.196492E-08,  0.000000E+00,  0.000000E+00,  0.000000E+00
  5.370000E+04,  6.104217E-08,  0.000000E+00,  0.000000E+00,  0.000000E+00
  5.390000E+04,  6.014065E-08,  0.000000E+00,  0.000000E+00,  0.000000E+00
  5.410000E+04,  5.925599E-08,  0.000000E+00,  0.000000E+00,  0.000000E+00
  5.430000E+04,  5.838640E-08,  0.000000E+00,  0.000000E+00,  0.000000E+00
  5.450000E+04,  5.753241E-08,  0.000000E+00,  0.000000E+00,  0.000000E+00
  5.470000E+04,  5.669362E-08,  0.000000E+00,  0.000000E+00,  0.000000E+00
  5.490000E+04,  5.586994E-08,  0.000000E+00,  0.000000E+00,  0.000000E+00
  5.510000E+04,  5.505986E-08,  0.000000E+00,  0.000000E+00,  0.000000E+00
  5.530000E+04,  5.422532E-08,  0.000000E+00,  0.000000E+00,  0.000000E+00
  5.550000E+04,  5.348752E-08,  0.000000E+00,  0.000000E+00,  0.000000E+00
  5.570000E+04,  5.272167E-08,  0.000000E+00,  0.000000E+00,  0.000000E+00
  5.590000E+04,  5.196979E-08,  0.000000E+00,  0.000000E+00,  0.000000E+00
  5.610000E+04,  5.123083E-08,  0.000000E+00,  0.000000E+00,  0.000000E+00
  5.630000E+04,  5.050487E-08,  0.000000E+00,  0.000000E+00,  0.000000E+00
  5.650000E+04,  4.979207E-08,  0.000000E+00,  0.000000E+00,  0.000000E+00
  5.670000E+04,  4.909090E-08,  0.000000E+00,  0.000000E+00,  0.000000E+00
  5.690000E+04,  4.840211E-08,  0.000000E+00,  0.000000E+00,  0.000000E+00
  5.710000E+04,  4.758642E-08,  0.000000E+00,  0.000000E+00,  0.000000E+00
  5.730000E+04,  4.705827E-08,  0.000000E+00,  0.000000E+00,  0.000000E+00
  5.750000E+04,  4.640866E-08,  0.000000E+00,  0.000000E+00,  0.000000E+00
  5.770000E+04,  4.576713E-08,  0.000000E+00,  0.000000E+00,  0.000000E+00
  5.790000E+04,  4.513607E-08,  0.000000E+00,  0.000000E+00,  0.000000E+00
  5.810000E+04,  4.451640E-08,  0.000000E+00,  0.000000E+00,  0.000000E+00
  5.830000E+04,  4.390685E-08,  0.000000E+00,  0.000000E+00,  0.000000E+00
  5.850000E+04,  4.332367E-08,  0.000000E+00,  0.000000E+00,  0.000000E+00
  5.870000E+04,  4.273585E-08,  0.000000E+00,  0.000000E+00,  0.000000E+00
  5.890000E+04,  4.198539E-08,  0.000000E+00,  0.000000E+00,  0.000000E+00
  5.910000E+04,  4.042540E-08,  0.000000E+00,  0.000000E+00,  0.000000E+00
  5.930000E+04,  4.089024E-08,  0.000000E+00,  0.000000E+00,  0.000000E+00
  5.950000E+04,  4.025814E-08,  0.000000E+00,  0.000000E+00,  0.000000E+00
  5.970000E+04,  3.982099E-08,  0.000000E+00,  0.000000E+00,  0.000000E+00
  5.990000E+04,  3.940173E-08,  0.000000E+00,  0.000000E+00,  0.000000E+00
  6.010000E+04,  3.887846E-08,  0.000000E+00,  0.000000E+00,  0.000000E+00
  6.030000E+04,  3.836361E-08,  0.000000E+00,  0.000000E+00,  0.000000E+00
  6.050000E+04,  3.785737E-08,  0.000000E+00,  0.000000E+00,  0.000000E+00
  6.070000E+04,  3.735931E-08,  0.000000E+00,  0.000000E+00,  0.000000E+00
  6.090000E+04,  3.686963E-08,  0.000000E+00,  0.000000E+00,  0.000000E+00
  6.110000E+04,  3.638765E-08,  0.000000E+00,  0.000000E+00,  0.000000E+00
  6.130000E+04,  3.591324E-08,  0.000000E+00,  0.000000E+00,  0.000000E+00
  6.150000E+04,  3.544692E-08,  0.000000E+00,  0.000000E+00,  0.000000E+00
  6.170000E+04,  3.498799E-08,  0.000000E+00,  0.000000E+00,  0.000000E+00
  6.190000E+04,  3.453644E-08,  0.000000E+00,  0.000000E+00,  0.000000E+00
  6.210000E+04,  3.409250E-08,  0.000000E+00,  0.000000E+00,  0.000000E+00
  6.230000E+04,  3.365462E-08,  0.000000E+00,  0.000000E+00,  0.000000E+00
  6.250000E+04,  3.322470E-08,  0.000000E+00,  0.000000E+00,  0.000000E+00
  6.270000E+04,  3.275028E-08,  0.000000E+00,  0.000000E+00,  0.000000E+00
  6.290000E+04,  3.207073E-08,  0.000000E+00,  0.000000E+00,  0.000000E+00
  6.310000E+04,  3.189334E-08,  0.000000E+00,  0.000000E+00,  0.000000E+00
  6.330000E+04,  3.157082E-08,  0.000000E+00,  0.000000E+00,  0.000000E+00
  6.350000E+04,  3.117382E-08,  0.000000E+00,  0.000000E+00,  0.000000E+00
  6.370000E+04,  3.078294E-08,  0.000000E+00,  0.000000E+00,  0.000000E+00
  6.390000E+04,  3.039801E-08,  0.000000E+00,  0.000000E+00,  0.000000E+00
  6.420000E+04,  2.983137E-08,  0.000000E+00,  0.000000E+00,  0.000000E+00
  6.460000E+04,  2.909704E-08,  0.000000E+00,  0.000000E+00,  0.000000E+00
  6.500000E+04,  2.838481E-08,  0.000000E+00,  0.000000E+00,  0.000000E+00
  6.540000E+04,  2.769405E-08,  0.000000E+00,  0.000000E+00,  0.000000E+00
  6.580000E+04,  2.702463E-08,  0.000000E+00,  0.000000E+00,  0.000000E+00
  6.620000E+04,  2.637466E-08,  0.000000E+00,  0.000000E+00,  0.000000E+00
  6.660000E+04,  2.574402E-08,  0.000000E+00,  0.000000E+00,  0.000000E+00
  6.700000E+04,  2.513257E-08,  0.000000E+00,  0.000000E+00,  0.000000E+00
  6.740000E+04,  2.450699E-08,  0.000000E+00,  0.000000E+00,  0.000000E+00
  6.780000E+04,  2.374245E-08,  0.000000E+00,  0.000000E+00,  0.000000E+00
  6.820000E+04,  2.340318E-08,  0.000000E+00,  0.000000E+00,  0.000000E+00
  6.860000E+04,  2.285974E-08,  0.000000E+00,  0.000000E+00,  0.000000E+00
  6.900000E+04,  2.233246E-08,  0.000000E+00,  0.000000E+00,  0.000000E+00
  6.940000E+04,  2.181975E-08,  0.000000E+00,  0.000000E+00,  0.000000E+00
  6.980000E+04,  2.132191E-08,  0.000000E+00,  0.000000E+00,  0.000000E+00
  7.020000E+04,  2.083833E-08,  0.000000E+00,  0.000000E+00,  0.000000E+00
  7.060000E+04,  2.036777E-08,  0.000000E+00,  0.000000E+00,  0.000000E+00
  7.100000E+04,  1.991105E-08,  0.000000E+00,  0.000000E+00,  0.000000E+00
  7.140000E+04,  1.946694E-08,  0.000000E+00,  0.000000E+00,  0.000000E+00
  7.180000E+04,  1.903463E-08,  0.000000E+00,  0.000000E+00,  0.000000E+00
  7.220000E+04,  1.861454E-08,  0.000000E+00,  0.000000E+00,  0.000000E+00
  7.260000E+04,  1.820594E-08,  0.000000E+00,  0.000000E+00,  0.000000E+00
  7.300000E+04,  1.780835E-08,  0.000000E+00,  0.000000E+00,  0.000000E+00
  7.340000E+04,  1.742188E-08,  0.000000E+00,  0.000000E+00,  0.000000E+00
  7.380000E+04,  1.704529E-08,  0.000000E+00,  0.000000E+00,  0.000000E+00
  7.420000E+04,  1.665345E-08,  0.000000E+00,  0.000000E+00,  0.000000E+00
  7.460000E+04,  1.597500E-08,  0.000000E+00,  0.000000E+00,  0.000000E+00
  7.500000E+04,  1.553799E-08,  0.000000E+00,  0.000000E+00,  0.000000E+00
  7.540000E+04,  1.559610E-08,  0.000000E+00,  0.000000E+00,  0.000000E+00
  7.580000E+04,  1.530901E-08,  0.000000E+00,  0.000000E+00,  0.000000E+00
  7.620000E+04,  1.498866E-08,  0.000000E+00,  0.000000E+00,  0.000000E+00
  7.660000E+04,  1.467699E-08,  0.000000E+00,  0.000000E+00,  0.000000E+00
  7.700000E+04,  1.437273E-08,  0.000000E+00,  0.000000E+00,  0.000000E+00
  7.740000E+04,  1.407674E-08,  0.000000E+00,  0.000000E+00,  0.000000E+00
  7.780000E+04,  1.377920E-08,  0.000000E+00,  0.000000E+00,  0.000000E+00
  7.820000E+04,  1.350689E-08,  0.000000E+00,  0.000000E+00,  0.000000E+00
  7.860000E+04,  1.323295E-08,  0.000000E+00,  0.000000E+00,  0.000000E+00
  7.900000E+04,  1.296575E-08,  0.000000E+00,  0.000000E+00,  0.000000E+00
  7.940000E+04,  1.270510E-08,  0.000000E+00,  0.000000E+00,  0.000000E+00
  7.980000E+04,  1.245096E-08,  0.000000E+00,  0.000000E+00,  0.000000E+00
  8.020000E+04,  1.220334E-08,  0.000000E+00,  0.000000E+00,  0.000000E+00
  8.060000E+04,  1.196180E-08,  0.000000E+00,  0.000000E+00,  0.000000E+00
  8.100000E+04,  1.172604E-08,  0.000000E+00,  0.000000E+00,  0.000000E+00
  8.140000E+04,  1.147825E-08,  0.000000E+00,  0.000000E+00,  0.000000E+00
  8.180000E+04,  1.126502E-08,  0.000000E+00,  0.000000E+00,  0.000000E+00
  8.220000E+04,  1.105295E-08,  0.000000E+00,  0.000000E+00,  0.000000E+00
  8.260000E+04,  1.083940E-08,  0.000000E+00,  0.000000E+00,  0.000000E+00
  8.300000E+04,  1.063087E-08,  0.000000E+00,  0.000000E+00,  0.000000E+00
  8.340000E+04,  1.042740E-08,  0.000000E+00,  0.000000E+00,  0.000000E+00
  8.380000E+04,  1.022862E-08,  0.000000E+00,  0.000000E+00,  0.000000E+00
  8.420000E+04,  1.003490E-08,  0.000000E+00,  0.000000E+00,  0.000000E+00
  8.460000E+04,  9.845265E-09,  0.000000E+00,  0.000000E+00,  0.000000E+00
  8.500000E+04,  9.660506E-09,  0.000000E+00,  0.000000E+00,  0.000000E+00
  8.540000E+04,  9.479920E-09,  0.000000E+00,  0.000000E+00,  0.000000E+00
  8.580000E+04,  9.303316E-09,  0.000000E+00,  0.000000E+00,  0.000000E+00
  8.620000E+04,  9.130579E-09,  0.000000E+00,  0.000000E+00,  0.000000E+00
  8.660000E+04,  8.922721E-09,  0.000000E+00,  0.000000E+00,  0.000000E+00
  8.700000E+04,  8.792950E-09,  0.000000E+00,  0.000000E+00,  0.000000E+00
  8.740000E+04,  8.553365E-09,  0.000000E+00,  0.000000E+00,  0.000000E+00
  8.780000E+04,  8.397283E-09,  0.000000E+00,  0.000000E+00,  0.000000E+00
  8.820000E+04,  8.326453E-09,  0.000000E+00,  0.000000E+00,  0.000000E+00
  8.860000E+04,  8.176311E-09,  0.000000E+00,  0.000000E+00,  0.000000E+00
  8.900000E+04,  8.029507E-09,  0.000000E+00,  0.000000E+00,  0.000000E+00
  8.940000E+04,  7.886121E-09,  0.000000E+00,  0.000000E+00,  0.000000E+00
  8.980000E+04,  7.745742E-09,  0.000000E+00,  0.000000E+00,  0.000000E+00
  9.020000E+04,  7.608405E-09,  0.000000E+00,  0.000000E+00,  0.000000E+00
  9.060000E+04,  7.474318E-09,  0.000000E+00,  0.000000E+00,  0.000000E+00
  9.100000E+04,  7.342924E-09,  0.000000E+00,  0.000000E+00,  0.000000E+00
  9.140000E+04,  7.214595E-09,  0.000000E+00,  0.000000E+00,  0.000000E+00
  9.180000E+04,  7.089002E-09,  0.000000E+00,  0.000000E+00,  0.000000E+00
  9.220000E+04,  6.966176E-09,  0.000000E+00,  0.000000E+00,  0.000000E+00
  9.260000E+04,  6.845759E-09,  0.000000E+00,  0.000000E+00,  0.000000E+00
  9.300000E+04,  6.727974E-09,  0.000000E+00,  0.000000E+00,  0.000000E+00
  9.340000E+04,  6.612867E-09,  0.000000E+00,  0.000000E+00,  0.000000E+00
  9.380000E+04,  6.453238E-09,  0.000000E+00,  0.000000E+00,  0.000000E+00
  9.420000E+04,  6.376018E-09,  0.000000E+00,  0.000000E+00,  0.000000E+00
  9.460000E+04,  6.281676E-09,  0.000000E+00,  0.000000E+00,  0.000000E+00
  9.500000E+04,  6.176005E-09,  0.000000E+00,  0.000000E+00,  0.000000E+00
  9.540000E+04,  6.072531E-09,  0.000000E+00,  0.000000E+00,  0.000000E+00
  9.580000E+04,  5.971246E-09,  0.000000E+00,  0.000000E+00,  0.000000E+00
  9.620000E+04,  5.872089E-09,  0.000000E+00,  0.000000E+00,  0.000000E+00
  9.660000E+04,  5.774650E-09,  0.000000E+00,  0.000000E+00,  0.000000E+00
  9.700000E+04,  5.679594E-09,  0.000000E+00,  0.000000E+00,  0.000000E+00
  9.740000E+04,  5.586217E-09,  0.000000E+00,  0.000000E+00,  0.000000E+00
  9.780000E+04,  5.494941E-09,  0.000000E+00,  0.000000E+00,  0.000000E+00
  9.820000E+04,  5.405242E-09,  0.000000E+00,  0.000000E+00,  0.000000E+00
  9.860000E+04,  5.317645E-09,  0.000000E+00,  0.000000E+00,  0.000000E+00
  9.900000E+04,  5.231707E-09,  0.000000E+00,  0.000000E+00,  0.000000E+00
  9.940000E+04,  5.147473E-09,  0.000000E+00,  0.000000E+00,  0.000000E+00
  9.980000E+04,  5.064944E-09,  0.000000E+00,  0.000000E+00,  0.000000E+00
  1.002000E+05,  4.984061E-09,  0.000000E+00,  0.000000E+00,  0.000000E+00
  2.000000E+05,  3.070946E-10,  0.000000E+00,  0.000000E+00,  0.000000E+00
  4.000000E+05,  1.861053E-11,  0.000000E+00,  0.000000E+00,  0.000000E+00
  6.000000E+05,  3.603071E-12,  0.000000E+00,  0.000000E+00,  0.000000E+00
  8.000000E+05,  1.123425E-12,  0.000000E+00,  0.000000E+00,  0.000000E+00
  1.000000E+06,  4.549740E-13,  0.000000E+00,  0.000000E+00,  0.000000E+00
  1.200000E+06,  2.174283E-13,  0.000000E+00,  0.000000E+00,  0.000000E+00
  1.400000E+06,  1.164847E-13,  0.000000E+00,  0.000000E+00,  0.000000E+00
  1.600000E+06,  6.784538E-14,  0.000000E+00,  0.000000E+00,  0.000000E+00
